CREATE DATABASE IF NOT EXISTS enrollmentSys24;

use enrollmentSys24;


CREATE TABLE students (
    id int auto_increment primary key,
    lastname varchar(30) not null,
    firstname varchar(30) not null,
    middlename varchar(30),
    age tinyint unsigned not null
);

CREATE TABLE curriculum (
    curID int auto_increment primary key,
    subjectCode varchar(8) not null unique,
    semester varchar(1) not null,
    yearlevel varchar(1) not null,
    subdescription varchar(50) not null,
    units tinyint unsigned not null
);

CREATE TABLE sub_enrolled (
    subEnID int auto_increment primary key,
    studProgID int not null,
    curID int not null,
    enrolled_date date default (current_date),
    midterm varchar(4) default null,
    final varchar(4) default null,

    constraint fk_sub_enr_studProg foreign key (studProgID) references student_programs(studProgID),
    constraint fk_sub_enr_cur foreign key (curID) references curriculum(curID)
);

CREATE TABLE course (
    courseID int auto_increment primary key,
    courseName varchar(10) not null unique,
    courseDesc varchar(255) not null
);

CREATE TABLE student_programs (
    studProgID int auto_increment primary key,
    student_id int not null unique,
    courseID int not null,
    startDate date not null default (current_date),
    end_date date default null,
    status enum('ACTIVE', 'TERMINATED', 'TRANSFERRED') not null default 'ACTIVE',

    foreign key (student_id) references students(id),
    foreign key (courseID) references course(courseID)
);

CREATE TABLE course_curriculum (
    courCurID int auto_increment primary key,
    courseID int not null,
    curID int not null,

    foreign key (courseID) references course(courseID),
    foreign key (curID) references curriculum(curID)
);

INSERT INTO students (lastname, firstname, middlename, age) VALUES
('Lavina24', 'Jhon', 'Mcberry', 18),
('Reyes24', 'Junrick', NULL, 19),
('Cano24', 'Jay Patrick', 'Montreal', 20),
('Baltazar24', 'Leslie', NULL, 18),
('Villaranda24', 'Rainy', 'Amour', 21),
('Picorro24', 'Joana', NULL, 19),
('Ganolo24', 'Isaac', 'Santos', 20),
('Calucin24', 'Mark', NULL, 18),
('Lavina24', 'Evangeline', 'Cruz', 22),
('Android24', 'Benson', NULL, 19),
('Pascual24', 'Paolo', 'Fernandez', 21),
('Poe24', 'Fernando', NULL, 20),
('Poe24', 'Grace', 'Gomez', 18),
('Enriquez24', 'Mike', NULL, 19),
('Villaruel24', 'Claire', 'Castro', 22),
('Salamanca24', 'Bianca', NULL, 20),
('Chuandez24', 'Milky', 'Tan', 21),
('Velasco24', 'Patricia', NULL, 18),
('Egido24', 'Joshua', 'Manalo', 19),
('Estrada24', 'Joseph', NULL, 20),
('Henley24', 'Joseph', 'Cadayona', 25);

INSERT INTO curriculum (subjectCode, semester, yearlevel, subdescription, units) VALUES
('CS301', '1', '3', 'Information Assurance and Security', 3),
('CS302', '1', '3', 'Platform Technologies', 3),
('CS303', '1', '3', 'Discrete Structures 2', 3),
('CS304', '1', '3', 'Algorithms and Complexity', 3),
('CS305', '1', '3', 'Software Engineering 1', 3),
('CS306', '1', '3', 'Business Analytics', 3),
('CS307', '1', '3', 'Enterprise Data Management', 3),
('THEO3A', '1', '3', 'Christian Morality', 3),
('CS311', '2', '3', 'Analytics Tools and Techniques', 3),
('CS312', '2', '3', 'Analytics Modeling', 3),
('CS313', '2', '3', 'Social Issues and Professional Practice', 3),
('CS314', '2', '3', 'Operating Systems', 3),
('CS315', '2', '3', 'Software Engineering 2', 3),
('CS316', '2', '3', 'Programming Languages', 3),
('CSEL1', '2', '3', 'CS ELECTIVE 1', 3),
('THEO3B', '2', '3', 'The Commandments', 3),
('THESIS1', '0', '3', 'Thesis Writing 1', 3),
('THEO4A', '0', '3', 'Intro to Pastoral Life/BEC', 3),
('THESIS2', '1', '4', 'Thesis Writing 2', 3),
('CS401', '1', '4', 'Automata Theory and Formal Languages', 3),
('CS402', '1', '4', 'Analytics Application', 3),
('CS403', '1', '4', 'Professional Enhancement', 3),
('IT101', '1', '1', 'Intro to Computing', 3),
('IT102', '1', '1', 'Computer Programming 1', 3);

INSERT INTO course (courseName, courseDesc) VALUES
('CS', 'Bachelor of Science in Computer Science'),
('IT', 'Bachelor of Science in Information Technology'),
('MBA', 'Masters of Business Administration'),
('PHILO', 'Bachelor of Arts in Philosophy'),
('Polsci', 'Bachelor of Arts in Political Science'),
('BEED', 'Bachelor of Elementary Education'),
('BSA', 'Bachelor of Science in Accountancy'),
('CE', 'Bachelor of Science in Civil Engineering'),
('ARC', 'Bachelor of Science in Architecture'),
('CRIM', 'Bachelor of Science in Criminology'),
('HM', 'Bachelor of Science in Hospitality Management'),
('NUR', 'Bachelor of Science in Nursing'),
('OA', 'Bachelor of Science in Office Administration'),
('TM', 'Bachelor of Science in Tourism Management');

insert into course_curriculum (courseID, curID)
VALUES (1, 1),
(1,2),
(1,3),
(1,4),
(1,5),
(1,6),
(1,7),
(2,23),
(2,24);

INSERT INTO student_programs (student_id, courseID, startDate, status) VALUES
(10, 1, '2025-06-01', 'ACTIVE'),
(1, 1, '2025-06-01', 'ACTIVE');


INSERT into sub_enrolled (studProgID, curID, enrolled_date, midterm, final) VALUES
(1, 1, '2025-06-15', '1.00', '1.25'),
(1, 2, '2025-06-15', '2.25', '1.00'),
(1, 3, '2025-06-15', '1.00', '1.00'),
(2, 5, '2025-06-15', '1.00', '1.25'),
(2, 6, '2025-06-15', '1.00', '1.25'),
(2, 7, '2025-06-15', '1.00', '1.25'),
(2, 8, '2025-06-15', '1.00', '1.25');

INSERT INTO curriculum (subjectCode, semester, yearlevel, subdescription, units) VALUES
('CS101', '1', '1', 'Introduction to Computing', 3),
('CS102', '1', '1', 'Computer Programming 1', 3),
('GE1', '1', '1', 'Understanding the Self', 3),
('GE2', '1', '1', 'Readings in Phil History', 3),
('GE3', '1', '1', 'Mathematics in the Modern World', 3),
('GEEL1', '1', '1', 'Living in the IT Era', 3),
('THEO1A', '1', '1', 'Old Testament', 2),
('PATHFIT1', '1', '1', 'Physical Activities Towards Health & Fitness 1', 2),
('NSTP11', '1', '1', 'National Service Training Program', 3),
('CS111', '2', '1', 'Networks and Communications 1', 3),
('CS112', '2', '1', 'Computer Programming 2', 3),   
('CS113', '2', '1', 'Discrete Structures 1', 3),
('GE4', '2', '1', 'Purposive Communication', 3),
('GE5', '2', '1', 'Science, Technology, and Society', 3),
('GE6', '2', '1', 'The Contemporary World', 3),
('GEEL2', '2', '1', 'Gender and Society', 3),
('THEO1B', '2', '1', 'New Testament', 2),
('PATHFIT2', '2', '1', 'Physical Activities Towards Health & Fitness 2', 2),
('NSTP12', '2', '1', 'National Service Training Program 2', 3);

insert into course_curriculum (courseID, curID)
VALUES (1, 25),
(1,26),
(1,27),
(1,28),
(1,29),
(1,30),
(1,31),
(1,32),
(1,33),
(1,34),
(1,35),
(1,36),
(1,37),
(1,38),
(1,39),
(1,40),
(1,41),
(1,42),
(1,43);

INSERT INTO curriculum (subjectCode, semester, yearlevel, subdescription, units) VALUES
('CS201', '1', '2', 'Information Management', 3),
('CS202', '1', '2', 'Data Structures and Algorithms', 3),
('CS203', '1', '2', 'Web Systems and Technologies', 3),
('STAT1A', '1', '2', 'Probability and Statistics', 3),
('GE7', '1', '2', 'Art Appreciation', 3),
('GE8', '1', '2', 'Ethics', 3),
('GEEL3D', '1', '2', 'The Entrepreneurial Mind', 3),
('THEO2A', '1', '2', 'Christology', 2),
('PATHFIT3', '1', '2', 'Physical Activities Towards Health & Fitness 3', 2),
('CS211', '2', '2', 'Object-Oriented Programming', 3),
('CS212', '2', '2', 'Human Computer Interaction', 3),
('CS213', '2', '2', 'Application Dev and Emerging Tech', 3),
('CS214', '2', '2', 'Information Management 2', 3),
('CS215', '2', '2', 'System Analysis and Design', 3),
('GE9', '2', '2', 'Life and Works of Rizal', 3),
('COURSEEN1', '2', '2', 'Course Enhancement 1', 3),
('THEO2B', '2', '2', 'Mariology', 2),
('PATHFIT4', '2', '2', 'Physical Activities Towards Health & Fitness 4', 2);

insert into course_curriculum (courseID, curID)
VALUES (1, 44),
(1,45),
(1,46),
(1,47),
(1,48),
(1,49),
(1,50),
(1,51),
(1,52),
(1,53),
(1,54),
(1,55),
(1,56),
(1,57),
(1,58),
(1,59),
(1,60),
(1,61);

insert into course_curriculum (courseID, curID)
VALUES (1, 19),
(1,20),
(1,21),
(1,22);

INSERT into sub_enrolled (studProgID, curID, enrolled_date, midterm, final) VALUES
(1, 25, '2025-06-15', '1.00', '1.25'),
(1, 26, '2025-06-15', '2.25', '1.00'),
(1, 27, '2025-06-15', '1.00', '1.00'),
(1, 28, '2025-06-15', '1.00', '1.25'),
(1, 29, '2025-06-15', '1.00', '1.25'),
(1, 30, '2025-06-15', '1.00', '1.25'),
(1, 31, '2025-06-15', '1.00', '1.25'),
(1, 32, '2025-06-15', '1.00', '1.25'),
(1, 33, '2025-06-15', '1.00', '1.25'),
(1, 34, '2025-06-15', '1.00', '1.25'),
(1, 35, '2025-06-15', '1.00', '1.25'),
(1, 36, '2025-06-15', '1.00', '1.25'),
(1, 37, '2025-06-15', '1.00', '1.25'),
(1, 38, '2025-06-15', '1.00', '1.25'),
(1, 39, '2025-06-15', '1.00', '1.25'),
(1, 40, '2025-06-15', '1.00', '1.25'),
(1, 41, '2025-06-15', '1.00', '1.25'),
(1, 42, '2025-06-15', '1.00', '1.25'),
(1, 43, '2025-06-15', '1.00', '1.25'),
(1, 44, '2025-06-15', '1.00', '1.25'),
(1, 45, '2025-06-15', '1.00', '1.25'),
(1, 46, '2025-06-15', '1.00', '1.25'),
(1, 47, '2025-06-15', '1.00', '1.25'),
(1, 48, '2025-06-15', '1.00', '1.25'),
(1, 49, '2025-06-15', '1.00', '1.25'),
(1, 50, '2025-06-15', '1.00', '1.25'),
(1, 51, '2025-06-15', '1.00', '1.25'),
(1, 52, '2025-06-15', '1.00', '1.25'),
(1, 53, '2025-06-15', '1.00', '1.25'),
(1, 54, '2025-06-15', '1.00', '1.25'),
(1, 55, '2025-06-15', '1.00', '1.25'),
(1, 56, '2025-06-15', '1.00', '1.25'),
(1, 57, '2025-06-15', '1.00', '1.25'),
(1, 58, '2025-06-15', '1.00', '1.25'),
(1, 59, '2025-06-15', '1.00', '1.25'),
(1, 60, '2025-06-15', '1.00', '1.25'),
(1, 61, '2025-06-15', '1.00', '1.25');

insert into course_curriculum (courseID, curID)
VALUES (2, 27),
(2,28),
(2,29),
(2,30),
(2,31),
(2,32),
(2,33),
(2,37),
(2,38),
(2,39),
(2,40),
(2,41),
(2,42),
(2,43),
(2,48),
(2,49),
(2,50),
(2,51),
(2,52),
(2,58),
(2,60),
(2,61);

insert into curriculum (subjectCode, semester, yearlevel, subdescription, units) VALUES
('IT111', '2', '1', 'Networks and Communications 1', 3),
('IT112', '2', '1', 'Computer Programming 2', 3),
('IT113', '2', '1', 'Discrete Structures', 3),
('IT201', '1', '2', 'Information Management', 3),
('IT202', '1', '2', 'Data Structures and Algorithms', 3),
('IT203', '1', '2', 'Web System and Technologies 1', 3),
('IT204', '1', '2', 'Platform Technologies', 3),
('IT211', '2', '2', 'Object-oriented Programming', 3),
('IT212', '2', '2', 'Human Computer Interaction', 3),
('IT213', '2', '2', 'Application Development and Emerging Technologies', 3),
('IT214', '2', '2', 'Information Management 2', 3),
('IT215', '2', '2', 'System Analysis and Design', 3),
('IT301', '1', '3', 'Information Assurance and Security', 3),
('IT302', '1', '3', 'Systems Integration and Architecture 1', 3),
('IT303', '1', '3', 'Networking 2', 3),
('IT304', '1', '3', 'Quantitative Methods', 3),
('IT305', '1', '3', 'Web Systems and Technologies 2', 3),
('IT306', '1', '3', 'Business Analytics', 3),
('IT307', '1', '3', 'Enterprise Data Management', 3),
('ITEL1', '1', '3', 'IT Elective 1', 3),
('IT311', '2', '3', 'Analytics Tools and Techniques', 3),
('IT312', '2', '3', 'Analytics Modeling', 3),
('IT313', '2', '3', 'Social Issues and Professional Practice', 3),
('IT314', '2', '3', 'Systems Admin and Maintenance', 3),
('IT315', '2', '3', 'Integrative Programming and Tech 1', 3),
('COURSEEN2', '2', '3', 'Course Enhancement 2', 3),
('ITEL2', '2', '3', 'IT Elective 2', 3),
('CAPSTONE1', '0', '3', 'Capstone Project 1', 3),
('CAPSTONE2', '1', '4', 'Capstone Project 2', 3),
('IT401', '1', '4', 'Technopreneurship', 3),
('IT402', '1', '4', 'Analytics Application', 3),
('PROFEN', '1', '4', 'Professional Enhancement', 3),
('ITEL3', '1', '4', 'IT Elective 3', 3),
('ITEL4', '1', '4', 'IT Elective 4', 3),
('THEO4B', '1', '4', 'Pastoral Exposure', 1),
('PRAC', '2', '4', 'Internship/Practicum', 6),
('SEMTOUR', '2', '4', 'Seminar and Tour', 3);

insert into course_curriculum (courseID, curID)
VALUES (2, 136),
(2,137),
(2,138),
(2,139),
(2,140),
(2,141),
(2,142),
(2,143),
(2,144),
(2,145),
(2,146),
(2,147),
(2,148),
(2,149),
(2,150),
(2,151),
(2,152),
(2,153),
(2,154),
(2,155),
(2,156),
(2,157),
(2,158),
(2,159),
(2,160),
(2,161),
(2,162),
(2,163),
(2,164),
(2,165),
(2,166),
(2,167),
(2,168),
(2,169),
(2,170),
(2,171),
(2,172);

INSERT INTO student_programs (student_id, courseID, startDate, status) VALUES
(4, 2, '2025-06-01', 'ACTIVE'),
(8, 2, '2025-06-01', 'ACTIVE'),
(3, 2, '2025-06-01', 'ACTIVE'),
(17, 2, '2025-06-01', 'ACTIVE'),
(19, 2, '2025-06-01', 'ACTIVE'),
(20, 2, '2025-06-01', 'ACTIVE'),
(7, 1, '2025-06-01', 'ACTIVE'),
(21, 1, '2025-06-01', 'ACTIVE'),
(9, 2, '2025-06-01', 'ACTIVE'),
(6, 2, '2025-06-01', 'ACTIVE'),
(13, 2, '2025-06-01', 'ACTIVE'),
(2, 1, '2025-06-01', 'ACTIVE'),
(16, 2, '2025-06-01', 'ACTIVE'),
(14, 2, '2025-06-01', 'ACTIVE'),
(18, 2, '2025-06-01', 'ACTIVE'),
(5, 2, '2025-06-01', 'ACTIVE'),
(11, 2, '2025-06-02', 'ACTIVE'),
(12, 2, '2025-06-01', 'ACTIVE'),
(15, 2, '2025-06-01', 'ACTIVE');



INSERT into sub_enrolled (studProgID, curID, enrolled_date, midterm, final) VALUES
(7, 23, '2025-06-15', '1.00', '1.25'),
(7, 24, '2025-06-15', '2.25', '1.00'),
(7, 27, '2025-06-15', '1.00', '1.00'),
(7, 28, '2025-06-15', '1.00', '2.25'),
(7, 29, '2025-06-15', '1.00', '2.25'),
(7, 30, '2025-06-15', '1.00', '1.25'),
(7, 31, '2025-06-15', '1.00', '1.25'),
(7, 32, '2025-06-15', '1.00', '2.25'),
(7, 33, '2025-06-15', '1.00', '1.25'),
(7, 37, '2025-06-15', '1.00', '1.25'),
(7, 38, '2025-06-15', '1.00', '1.25'),
(7, 39, '2025-06-15', '1.00', '1.25'),
(7, 40, '2025-06-15', '1.00', '1.25'),
(7, 41, '2025-06-15', '1.00', '3.25'),
(7, 42, '2025-06-15', '1.00', '1.25'),
(7, 43, '2025-06-15', '1.00', '1.25'),
(7, 48, '2025-06-15', '1.00', '1.25'),
(7, 49, '2025-06-15', '1.00', '1.25'),
(7, 50, '2025-06-15', '1.00', '1.25'),
(7, 51, '2025-06-15', '1.00', '2.25'),
(7, 52, '2025-06-15', '1.00', '1.25'),
(7, 58, '2025-06-15', '1.00', '1.25'),
(7, 59, '2025-06-15', '1.00', '1.25'),
(7, 60, '2025-06-15', '1.00', '2.25'),
(7, 61, '2025-06-15', '1.00', '1.25'),
(7, 136, '2025-06-15', '1.00', '2.25'),
(7, 137, '2025-06-15', '1.00', '1.25'),
(7, 138, '2025-06-15', '1.00', '1.25'),
(7, 139, '2025-06-15', '1.00', '2.25'),
(7, 140, '2025-06-15', '1.00', '2.25'),
(7, 141, '2025-06-15', '1.00', '1.25'),
(7, 142, '2025-06-15', '1.00', '1.25'),
(7, 143, '2025-06-15', '1.00', '1.25'),
(7, 144, '2025-06-15', '1.00', '2.25'),
(7, 145, '2025-06-15', '1.00', '1.25'),
(7, 146, '2025-06-15', '1.00', '1.25'),
(7, 147, '2025-06-15', '1.00', '1.25'),
(7, 148, '2025-06-15', '1.00', '2.25'),
(7, 149, '2025-06-15', '1.00', '1.25'),
(7, 150, '2025-06-15', '1.00', '1.25'),
(7, 151, '2025-06-15', '1.00', '1.25'),
(7, 152, '2025-06-15', '1.00', '2.25'),
(7, 153, '2025-06-15', '1.00', '1.25'),
(7, 154, '2025-06-15', '1.00', '1.25'),
(7, 155, '2025-06-15', '1.00', '1.25'),
(7, 156, '2025-06-15', '1.00', '1.25'),
(7, 157, '2025-06-15', '1.00', '2.25'),
(7, 158, '2025-06-15', '1.00', '1.25'),
(7, 159, '2025-06-15', '1.00', '1.25'),
(7, 160, '2025-06-15', '1.00', '2.25'),
(7, 161, '2025-06-15', '1.00', '1.25'),
(7, 162, '2025-06-15', '1.00', '1.25');

INSERT into sub_enrolled (studProgID, curID, enrolled_date, midterm, final) VALUES
(8, 23, '2025-06-15', '1.00', '3.25'),
(8, 24, '2025-06-15', '2.25', '1.00'),
(8, 27, '2025-06-15', '1.00', '3.00'),
(8, 28, '2025-06-15', '1.00', '2.25'),
(8, 29, '2025-06-15', '1.00', '2.25'),
(8, 30, '2025-06-15', '1.00', '3.25'),
(8, 31, '2025-06-15', '1.00', '1.25'),
(8, 32, '2025-06-15', '1.00', '2.25'),
(8, 33, '2025-06-15', '1.00', '3.25'),
(8, 37, '2025-06-15', '1.00', '1.25'),
(8, 38, '2025-06-15', '1.00', '3.25'),
(8, 39, '2025-06-15', '1.00', '1.25'),
(8, 40, '2025-06-15', '1.00', '1.25'),
(8, 41, '2025-06-15', '1.00', '3.25'),
(8, 42, '2025-06-15', '1.00', '1.25'),
(8, 43, '2025-06-15', '1.00', '1.25'),
(8, 48, '2025-06-15', '1.00', '2.25'),
(8, 49, '2025-06-15', '1.00', '1.25'),
(8, 50, '2025-06-15', '1.00', '1.25'),
(8, 51, '2025-06-15', '1.00', '2.25'),
(8, 52, '2025-06-15', '1.00', '1.25'),
(8, 58, '2025-06-15', '1.00', '3.25'),
(8, 59, '2025-06-15', '1.00', '1.25'),
(8, 60, '2025-06-15', '1.00', '2.25'),
(8, 61, '2025-06-15', '1.00', '1.25'),
(8, 136, '2025-06-15', '1.00', '2.25'),
(8, 137, '2025-06-15', '1.00', '1.25'),
(8, 138, '2025-06-15', '1.00', '1.25'),
(8, 139, '2025-06-15', '1.00', '2.25'),
(8, 140, '2025-06-15', '1.00', '3.25'),
(8, 141, '2025-06-15', '1.00', '1.25'),
(8, 142, '2025-06-15', '1.00', '1.25'),
(8, 143, '2025-06-15', '1.00', '1.25'),
(8, 144, '2025-06-15', '1.00', '2.25'),
(8, 145, '2025-06-15', '1.00', '1.25'),
(8, 146, '2025-06-15', '1.00', '1.25'),
(8, 147, '2025-06-15', '1.00', '1.25'),
(8, 148, '2025-06-15', '1.00', '2.25'),
(8, 149, '2025-06-15', '1.00', '1.25'),
(8, 150, '2025-06-15', '1.00', '1.25'),
(8, 151, '2025-06-15', '1.00', '1.25'),
(8, 152, '2025-06-15', '1.00', '2.25'),
(8, 153, '2025-06-15', '1.00', '1.25'),
(8, 154, '2025-06-15', '1.00', '1.25'),
(8, 155, '2025-06-15', '1.00', '1.25'),
(8, 156, '2025-06-15', '1.00', '1.25'),
(8, 157, '2025-06-15', '1.00', '2.25'),
(8, 158, '2025-06-15', '1.00', '1.25'),
(8, 159, '2025-06-15', '1.00', '1.25'),
(8, 160, '2025-06-15', '1.00', '2.25'),
(8, 161, '2025-06-15', '1.00', '1.25'),
(8, 162, '2025-06-15', '1.00', '1.25');

INSERT into sub_enrolled (studProgID, curID, enrolled_date, midterm, final) VALUES
(25, 23, '2025-06-15', '1.00', '1.25'),
(25, 24, '2025-06-15', '2.25', '1.00'),
(25, 27, '2025-06-15', '1.00', '1.00'),
(25, 28, '2025-06-15', '1.00', '2.25'),
(25, 29, '2025-06-15', '1.00', '2.25'),
(25, 30, '2025-06-15', '1.00', '1.25'),
(25, 31, '2025-06-15', '1.00', '1.25'),
(25, 32, '2025-06-15', '1.00', '2.25'),
(25, 33, '2025-06-15', '1.00', '1.25'),
(25, 37, '2025-06-15', '1.00', '1.25'),
(25, 38, '2025-06-15', '1.00', '1.25'),
(25, 39, '2025-06-15', '1.00', '1.25'),
(25, 40, '2025-06-15', '1.00', '1.25'),
(25, 41, '2025-06-15', '1.00', '3.25'),
(25, 42, '2025-06-15', '1.00', '1.25'),
(25, 43, '2025-06-15', '1.00', '1.25'),
(25, 48, '2025-06-15', '1.00', '1.25'),
(25, 49, '2025-06-15', '1.00', '1.25'),
(25, 50, '2025-06-15', '1.00', '1.25'),
(25, 51, '2025-06-15', '1.00', '2.25'),
(25, 52, '2025-06-15', '1.00', '1.25'),
(25, 58, '2025-06-15', '1.00', '1.25'),
(25, 59, '2025-06-15', '1.00', '1.25'),
(25, 60, '2025-06-15', '1.00', '2.25'),
(25, 61, '2025-06-15', '1.00', '1.25'),
(25, 136, '2025-06-15', '1.00', '2.25'),
(25, 137, '2025-06-15', '1.00', '1.25'),
(25, 138, '2025-06-15', '1.00', '1.25'),
(25, 139, '2025-06-15', '1.00', '2.25'),
(25, 140, '2025-06-15', '1.00', '2.25'),
(25, 141, '2025-06-15', '1.00', '1.25'),
(25, 142, '2025-06-15', '1.00', '1.25'),
(25, 143, '2025-06-15', '1.00', '1.25'),
(25, 144, '2025-06-15', '1.00', '2.25'),
(25, 145, '2025-06-15', '1.00', '1.25'),
(25, 146, '2025-06-15', '1.00', '1.25'),
(25, 147, '2025-06-15', '1.00', '1.25'),
(25, 148, '2025-06-15', '1.00', '2.25'),
(25, 149, '2025-06-15', '1.00', '1.25'),
(25, 150, '2025-06-15', '1.00', '1.25'),
(25, 151, '2025-06-15', '1.00', '1.25'),
(25, 152, '2025-06-15', '1.00', '2.25'),
(25, 153, '2025-06-15', '1.00', '1.25'),
(25, 154, '2025-06-15', '1.00', '1.25'),
(25, 155, '2025-06-15', '1.00', '1.25'),
(25, 156, '2025-06-15', '1.00', '1.25'),
(25, 157, '2025-06-15', '1.00', '2.25'),
(25, 158, '2025-06-15', '1.00', '1.25'),
(25, 159, '2025-06-15', '1.00', '1.25'),
(25, 160, '2025-06-15', '1.00', '2.25'),
(25, 161, '2025-06-15', '1.00', '1.25'),
(25, 162, '2025-06-15', '1.00', '1.25');

INSERT into sub_enrolled (studProgID, curID, enrolled_date, midterm, final) VALUES
(9, 23, '2025-06-15', '1.00', '1.25'),
(9, 24, '2025-06-15', '2.25', '1.00'),
(9, 27, '2025-06-15', '1.00', '1.00'),
(9, 28, '2025-06-15', '1.00', '2.25'),
(9, 29, '2025-06-15', '1.00', '2.25'),
(9, 30, '2025-06-15', '1.00', '1.25'),
(9, 31, '2025-06-15', '1.00', '1.25'),
(9, 32, '2025-06-15', '1.00', '2.25'),
(9, 33, '2025-06-15', '1.00', '1.25'),
(9, 37, '2025-06-15', '1.00', '1.25'),
(9, 38, '2025-06-15', '1.00', '1.25'),
(9, 39, '2025-06-15', '1.00', '1.25'),
(9, 40, '2025-06-15', '1.00', '1.25'),
(9, 41, '2025-06-15', '1.00', '3.25'),
(9, 42, '2025-06-15', '1.00', '1.25'),
(9, 43, '2025-06-15', '1.00', '1.25'),
(9, 48, '2025-06-15', '1.00', '1.25'),
(9, 49, '2025-06-15', '1.00', '1.25'),
(9, 50, '2025-06-15', '1.00', '1.25'),
(9, 51, '2025-06-15', '1.00', '2.25'),
(9, 52, '2025-06-15', '1.00', '1.25'),
(9, 58, '2025-06-15', '1.00', '1.25'),
(9, 59, '2025-06-15', '1.00', '1.25'),
(9, 60, '2025-06-15', '1.00', '2.25'),
(9, 61, '2025-06-15', '1.00', '1.25'),
(9, 136, '2025-06-15', '1.00', '2.25'),
(9, 137, '2025-06-15', '1.00', '1.25'),
(9, 138, '2025-06-15', '1.00', '1.25'),
(9, 139, '2025-06-15', '1.00', '2.25'),
(9, 140, '2025-06-15', '1.00', '2.25'),
(9, 141, '2025-06-15', '1.00', '1.25'),
(9, 142, '2025-06-15', '1.00', '1.25'),
(9, 143, '2025-06-15', '1.00', '1.25'),
(9, 144, '2025-06-15', '1.00', '2.25'),
(9, 145, '2025-06-15', '1.00', '1.25'),
(9, 146, '2025-06-15', '1.00', '1.25'),
(9, 147, '2025-06-15', '1.00', '1.25'),
(9, 148, '2025-06-15', '1.00', '2.25'),
(9, 149, '2025-06-15', '1.00', '1.25'),
(9, 150, '2025-06-15', '1.00', '1.25'),
(9, 151, '2025-06-15', '1.00', '1.25'),
(9, 152, '2025-06-15', '1.00', '2.25'),
(9, 153, '2025-06-15', '1.00', '1.25'),
(9, 154, '2025-06-15', '1.00', '1.25'),
(9, 155, '2025-06-15', '1.00', '1.25'),
(9, 156, '2025-06-15', '1.00', '1.25'),
(9, 157, '2025-06-15', '1.00', '2.25'),
(9, 158, '2025-06-15', '1.00', '1.25'),
(9, 159, '2025-06-15', '1.00', '1.25'),
(9, 160, '2025-06-15', '1.00', '2.25'),
(9, 161, '2025-06-15', '1.00', '1.25'),
(9, 162, '2025-06-15', '1.00', '1.25');

INSERT into sub_enrolled (studProgID, curID, enrolled_date, midterm, final) VALUES
(10, 23, '2025-06-15', '1.00', '1.25'),
(10, 24, '2025-06-15', '2.25', '1.00'),
(10, 27, '2025-06-15', '1.00', '1.00'),
(10, 28, '2025-06-15', '1.00', '2.25'),
(10, 29, '2025-06-15', '1.00', '2.25'),
(10, 30, '2025-06-15', '1.00', '1.25'),
(10, 31, '2025-06-15', '1.00', '1.25'),
(10, 32, '2025-06-15', '1.00', '2.25'),
(10, 33, '2025-06-15', '1.00', '1.25'),
(10, 37, '2025-06-15', '1.00', '1.25'),
(10, 38, '2025-06-15', '1.00', '1.25'),
(10, 39, '2025-06-15', '1.00', '1.25'),
(10, 40, '2025-06-15', '1.00', '1.25'),
(10, 41, '2025-06-15', '1.00', '3.25'),
(10, 42, '2025-06-15', '1.00', '1.25'),
(10, 43, '2025-06-15', '1.00', '1.25'),
(10, 48, '2025-06-15', '1.00', '1.25'),
(10, 49, '2025-06-15', '1.00', '1.25'),
(10, 50, '2025-06-15', '1.00', '1.25'),
(10, 51, '2025-06-15', '1.00', '2.25'),
(10, 52, '2025-06-15', '1.00', '1.25'),
(10, 58, '2025-06-15', '1.00', '1.25'),
(10, 59, '2025-06-15', '1.00', '1.25'),
(10, 60, '2025-06-15', '1.00', '2.25'),
(10, 61, '2025-06-15', '1.00', '1.25'),
(10, 136, '2025-06-15', '1.00', '2.25'),
(10, 137, '2025-06-15', '1.00', '1.25'),
(10, 138, '2025-06-15', '1.00', '1.25'),
(10, 139, '2025-06-15', '1.00', '2.25'),
(10, 140, '2025-06-15', '1.00', '2.25'),
(10, 141, '2025-06-15', '1.00', '1.25'),
(10, 142, '2025-06-15', '1.00', '1.25'),
(10, 143, '2025-06-15', '1.00', '1.25'),
(10, 144, '2025-06-15', '1.00', '2.25'),
(10, 145, '2025-06-15', '1.00', '1.25'),
(10, 146, '2025-06-15', '1.00', '1.25'),
(10, 147, '2025-06-15', '1.00', '1.25'),
(10, 148, '2025-06-15', '1.00', '2.25'),
(10, 149, '2025-06-15', '1.00', '1.25'),
(10, 150, '2025-06-15', '1.00', '1.25'),
(10, 151, '2025-06-15', '1.00', '1.25'),
(10, 152, '2025-06-15', '1.00', '2.25'),
(10, 153, '2025-06-15', '1.00', '1.25'),
(10, 154, '2025-06-15', '1.00', '1.25'),
(10, 155, '2025-06-15', '1.00', '1.25'),
(10, 156, '2025-06-15', '1.00', '1.25'),
(10, 157, '2025-06-15', '1.00', '2.25'),
(10, 158, '2025-06-15', '1.00', '1.25'),
(10, 159, '2025-06-15', '1.00', '1.25'),
(10, 160, '2025-06-15', '1.00', '2.25'),
(10, 161, '2025-06-15', '1.00', '1.25'),
(10, 162, '2025-06-15', '1.00', '1.25');

INSERT into sub_enrolled (studProgID, curID, enrolled_date, midterm, final) VALUES
(11, 23, '2025-06-15', '1.00', '1.25'),
(11, 24, '2025-06-15', '2.25', '1.00'),
(11, 27, '2025-06-15', '1.00', '1.00'),
(11, 28, '2025-06-15', '1.00', '2.25'),
(11, 29, '2025-06-15', '1.00', '2.25'),
(11, 30, '2025-06-15', '1.00', '1.25'),
(11, 31, '2025-06-15', '1.00', '1.25'),
(11, 32, '2025-06-15', '1.00', '2.25'),
(11, 33, '2025-06-15', '1.00', '1.25'),
(11, 37, '2025-06-15', '1.00', '1.25'),
(11, 38, '2025-06-15', '1.00', '1.25'),
(11, 39, '2025-06-15', '1.00', '1.25'),
(11, 40, '2025-06-15', '1.00', '1.25'),
(11, 41, '2025-06-15', '1.00', '3.25'),
(11, 42, '2025-06-15', '1.00', '1.25'),
(11, 43, '2025-06-15', '1.00', '1.25'),
(11, 48, '2025-06-15', '1.00', '1.25'),
(11, 49, '2025-06-15', '1.00', '1.25'),
(11, 50, '2025-06-15', '1.00', '1.25'),
(11, 51, '2025-06-15', '1.00', '2.25'),
(11, 52, '2025-06-15', '1.00', '1.25'),
(11, 58, '2025-06-15', '1.00', '1.25'),
(11, 59, '2025-06-15', '1.00', '1.25'),
(11, 60, '2025-06-15', '1.00', '2.25'),
(11, 61, '2025-06-15', '1.00', '1.25'),
(11, 136, '2025-06-15', '1.00', '2.25'),
(11, 137, '2025-06-15', '1.00', '1.25'),
(11, 138, '2025-06-15', '1.00', '1.25'),
(11, 139, '2025-06-15', '1.00', '2.25'),
(11, 140, '2025-06-15', '1.00', '2.25'),
(11, 141, '2025-06-15', '1.00', '1.25'),
(11, 142, '2025-06-15', '1.00', '1.25'),
(11, 143, '2025-06-15', '1.00', '1.25'),
(11, 144, '2025-06-15', '1.00', '2.25'),
(11, 145, '2025-06-15', '1.00', '1.25'),
(11, 146, '2025-06-15', '1.00', '1.25'),
(11, 147, '2025-06-15', '1.00', '1.25'),
(11, 148, '2025-06-15', '1.00', '2.25'),
(11, 149, '2025-06-15', '1.00', '1.25'),
(11, 150, '2025-06-15', '1.00', '1.25'),
(11, 151, '2025-06-15', '1.00', '1.25'),
(11, 152, '2025-06-15', '1.00', '2.25'),
(11, 153, '2025-06-15', '1.00', '1.25'),
(11, 154, '2025-06-15', '1.00', '1.25'),
(11, 155, '2025-06-15', '1.00', '1.25'),
(11, 156, '2025-06-15', '1.00', '1.25'),
(11, 157, '2025-06-15', '1.00', '2.25'),
(11, 158, '2025-06-15', '1.00', '1.25'),
(11, 159, '2025-06-15', '1.00', '1.25'),
(11, 160, '2025-06-15', '1.00', '2.25'),
(11, 161, '2025-06-15', '1.00', '1.25'),
(11, 162, '2025-06-15', '1.00', '1.25');

INSERT into sub_enrolled (studProgID, curID, enrolled_date, midterm, final) VALUES
(12, 23, '2025-06-15', '1.00', '3.25'),
(12, 24, '2025-06-15', '2.25', '1.00'),
(12, 27, '2025-06-15', '1.00', '3.00'),
(12, 28, '2025-06-15', '1.00', '2.25'),
(12, 29, '2025-06-15', '1.00', '2.25'),
(12, 30, '2025-06-15', '1.00', '3.25'),
(12, 31, '2025-06-15', '1.00', '1.25'),
(12, 32, '2025-06-15', '1.00', '2.25'),
(12, 33, '2025-06-15', '1.00', '3.25'),
(12, 37, '2025-06-15', '1.00', '1.25'),
(12, 38, '2025-06-15', '1.00', '3.25'),
(12, 39, '2025-06-15', '1.00', '1.25'),
(12, 40, '2025-06-15', '1.00', '1.25'),
(12, 41, '2025-06-15', '1.00', '3.25'),
(12, 42, '2025-06-15', '1.00', '1.25'),
(12, 43, '2025-06-15', '1.00', '1.25'),
(12, 48, '2025-06-15', '1.00', '2.25'),
(12, 49, '2025-06-15', '1.00', '1.25'),
(12, 50, '2025-06-15', '1.00', '1.25'),
(12, 51, '2025-06-15', '1.00', '2.25'),
(12, 52, '2025-06-15', '1.00', '1.25'),
(12, 58, '2025-06-15', '1.00', '3.25'),
(12, 59, '2025-06-15', '1.00', '1.25'),
(12, 60, '2025-06-15', '1.00', '2.25'),
(12, 61, '2025-06-15', '1.00', '1.25'),
(12, 136, '2025-06-15', '1.00', '2.25'),
(12, 137, '2025-06-15', '1.00', '1.25'),
(12, 138, '2025-06-15', '1.00', '1.25'),
(12, 139, '2025-06-15', '1.00', '2.25'),
(12, 140, '2025-06-15', '1.00', '3.25'),
(12, 141, '2025-06-15', '1.00', '1.25'),
(12, 142, '2025-06-15', '1.00', '1.25'),
(12, 143, '2025-06-15', '1.00', '1.25'),
(12, 144, '2025-06-15', '1.00', '2.25'),
(12, 145, '2025-06-15', '1.00', '1.25'),
(12, 146, '2025-06-15', '1.00', '1.25'),
(12, 147, '2025-06-15', '1.00', '1.25'),
(12, 148, '2025-06-15', '1.00', '2.25'),
(12, 149, '2025-06-15', '1.00', '1.25'),
(12, 150, '2025-06-15', '1.00', '1.25'),
(12, 151, '2025-06-15', '1.00', '1.25'),
(12, 152, '2025-06-15', '1.00', '2.25'),
(12, 153, '2025-06-15', '1.00', '1.25'),
(12, 154, '2025-06-15', '1.00', '1.25'),
(12, 155, '2025-06-15', '1.00', '1.25'),
(12, 156, '2025-06-15', '1.00', '1.25'),
(12, 157, '2025-06-15', '1.00', '2.25'),
(12, 158, '2025-06-15', '1.00', '1.25'),
(12, 159, '2025-06-15', '1.00', '1.25'),
(12, 160, '2025-06-15', '1.00', '2.25'),
(12, 161, '2025-06-15', '1.00', '1.25'),
(12, 162, '2025-06-15', '1.00', '1.25');


INSERT into sub_enrolled (studProgID, curID, enrolled_date, midterm, final) VALUES
(13, 25, '2025-06-15', '1.00', '1.25'),
(13, 26, '2025-06-15', '2.25', '1.00'),
(13, 27, '2025-06-15', '1.00', '1.00'),
(13, 28, '2025-06-15', '1.00', '1.25'),
(13, 29, '2025-06-15', '1.00', '1.25'),
(13, 30, '2025-06-15', '1.00', '1.25'),
(13, 31, '2025-06-15', '1.00', '1.25'),
(13, 32, '2025-06-15', '1.00', '1.25'),
(13, 33, '2025-06-15', '1.00', '1.25'),
(13, 34, '2025-06-15', '1.00', '1.25'),
(13, 35, '2025-06-15', '1.00', '1.25'),
(13, 36, '2025-06-15', '1.00', '1.25'),
(13, 37, '2025-06-15', '1.00', '1.25'),
(13, 38, '2025-06-15', '1.00', '1.25'),
(13, 39, '2025-06-15', '1.00', '1.25'),
(13, 40, '2025-06-15', '1.00', '1.25'),
(13, 41, '2025-06-15', '1.00', '1.25'),
(13, 42, '2025-06-15', '1.00', '1.25'),
(13, 43, '2025-06-15', '1.00', '1.25'),
(13, 44, '2025-06-15', '1.00', '1.25'),
(13, 45, '2025-06-15', '1.00', '1.25'),
(13, 46, '2025-06-15', '1.00', '1.25'),
(13, 47, '2025-06-15', '1.00', '1.25'),
(13, 48, '2025-06-15', '1.00', '1.25'),
(13, 49, '2025-06-15', '1.00', '1.25'),
(13, 50, '2025-06-15', '1.00', '1.25'),
(13, 51, '2025-06-15', '1.00', '1.25'),
(13, 52, '2025-06-15', '1.00', '1.25'),
(13, 53, '2025-06-15', '1.00', '1.25'),
(13, 54, '2025-06-15', '1.00', '1.25'),
(13, 55, '2025-06-15', '1.00', '1.25'),
(13, 56, '2025-06-15', '1.00', '1.25'),
(13, 57, '2025-06-15', '1.00', '1.25'),
(13, 58, '2025-06-15', '1.00', '1.25'),
(13, 59, '2025-06-15', '1.00', '1.25'),
(13, 60, '2025-06-15', '1.00', '1.25'),
(13, 61, '2025-06-15', '1.00', '1.25');

INSERT into sub_enrolled (studProgID, curID, enrolled_date, midterm, final) VALUES
(14, 23, '2025-06-15', '1.00', '3.25'),
(14, 24, '2025-06-15', '2.25', '1.00'),
(14, 27, '2025-06-15', '1.00', '3.00'),
(14, 28, '2025-06-15', '1.00', '2.25'),
(14, 29, '2025-06-15', '1.00', '2.25'),
(14, 30, '2025-06-15', '1.00', '3.25'),
(14, 31, '2025-06-15', '1.00', '1.25'),
(14, 32, '2025-06-15', '1.00', '2.25'),
(14, 33, '2025-06-15', '1.00', '3.25'),
(14, 37, '2025-06-15', '1.00', '1.25'),
(14, 38, '2025-06-15', '1.00', '3.25'),
(14, 39, '2025-06-15', '1.00', '1.25'),
(14, 40, '2025-06-15', '1.00', '1.25'),
(14, 41, '2025-06-15', '1.00', '3.25'),
(14, 42, '2025-06-15', '1.00', '1.25'),
(14, 43, '2025-06-15', '1.00', '1.25'),
(14, 48, '2025-06-15', '1.00', '2.25'),
(14, 49, '2025-06-15', '1.00', '1.25'),
(14, 50, '2025-06-15', '1.00', '1.25'),
(14, 51, '2025-06-15', '1.00', '2.25'),
(14, 52, '2025-06-15', '1.00', '1.25'),
(14, 58, '2025-06-15', '1.00', '3.25'),
(14, 59, '2025-06-15', '1.00', '1.25'),
(14, 60, '2025-06-15', '1.00', '2.25'),
(14, 61, '2025-06-15', '1.00', '1.25'),
(14, 136, '2025-06-15', '1.00', '2.25'),
(14, 137, '2025-06-15', '1.00', '1.25'),
(14, 138, '2025-06-15', '1.00', '1.25'),
(14, 139, '2025-06-15', '1.00', '2.25'),
(14, 140, '2025-06-15', '1.00', '3.25'),
(14, 141, '2025-06-15', '1.00', '1.25'),
(14, 142, '2025-06-15', '1.00', '1.25'),
(14, 143, '2025-06-15', '1.00', '1.25'),
(14, 144, '2025-06-15', '1.00', '2.25'),
(14, 145, '2025-06-15', '1.00', '1.25'),
(14, 146, '2025-06-15', '1.00', '1.25'),
(14, 147, '2025-06-15', '1.00', '1.25'),
(14, 148, '2025-06-15', '1.00', '2.25'),
(14, 149, '2025-06-15', '1.00', '1.25'),
(14, 150, '2025-06-15', '1.00', '1.25'),
(14, 151, '2025-06-15', '1.00', '1.25'),
(14, 152, '2025-06-15', '1.00', '2.25'),
(14, 153, '2025-06-15', '1.00', '1.25'),
(14, 154, '2025-06-15', '1.00', '1.25'),
(14, 155, '2025-06-15', '1.00', '1.25'),
(14, 156, '2025-06-15', '1.00', '1.25'),
(14, 157, '2025-06-15', '1.00', '2.25'),
(14, 158, '2025-06-15', '1.00', '1.25'),
(14, 159, '2025-06-15', '1.00', '1.25'),
(14, 160, '2025-06-15', '1.00', '2.25'),
(14, 161, '2025-06-15', '1.00', '1.25'),
(14, 162, '2025-06-15', '1.00', '1.25');

INSERT into sub_enrolled (studProgID, curID, enrolled_date, midterm, final) VALUES
(15, 23, '2025-06-15', '1.00', '3.25'),
(15, 24, '2025-06-15', '2.25', '1.00'),
(15, 27, '2025-06-15', '1.00', '3.00'),
(15, 28, '2025-06-15', '1.00', '2.25'),
(15, 29, '2025-06-15', '1.00', '2.25'),
(15, 30, '2025-06-15', '1.00', '3.25'),
(15, 31, '2025-06-15', '1.00', '1.25'),
(15, 32, '2025-06-15', '1.00', '2.25'),
(15, 33, '2025-06-15', '1.00', '3.25'),
(15, 37, '2025-06-15', '1.00', '1.25'),
(15, 38, '2025-06-15', '1.00', '3.25'),
(15, 39, '2025-06-15', '1.00', '1.25'),
(15, 40, '2025-06-15', '1.00', '1.25'),
(15, 41, '2025-06-15', '1.00', '3.25'),
(15, 42, '2025-06-15', '1.00', '1.25'),
(15, 43, '2025-06-15', '1.00', '1.25'),
(15, 48, '2025-06-15', '1.00', '2.25'),
(15, 49, '2025-06-15', '1.00', '1.25'),
(15, 50, '2025-06-15', '1.00', '1.25'),
(15, 51, '2025-06-15', '1.00', '2.25'),
(15, 52, '2025-06-15', '1.00', '1.25'),
(15, 58, '2025-06-15', '1.00', '3.25'),
(15, 59, '2025-06-15', '1.00', '1.25'),
(15, 60, '2025-06-15', '1.00', '2.25'),
(15, 61, '2025-06-15', '1.00', '1.25'),
(15, 136, '2025-06-15', '1.00', '2.25'),
(15, 137, '2025-06-15', '1.00', '1.25'),
(15, 138, '2025-06-15', '1.00', '1.25'),
(15, 139, '2025-06-15', '1.00', '2.25'),
(15, 140, '2025-06-15', '1.00', '3.25'),
(15, 141, '2025-06-15', '1.00', '1.25'),
(15, 142, '2025-06-15', '1.00', '1.25'),
(15, 143, '2025-06-15', '1.00', '1.25'),
(15, 144, '2025-06-15', '1.00', '2.25'),
(15, 145, '2025-06-15', '1.00', '1.25'),
(15, 146, '2025-06-15', '1.00', '1.25'),
(15, 147, '2025-06-15', '1.00', '1.25'),
(15, 148, '2025-06-15', '1.00', '2.25'),
(15, 149, '2025-06-15', '1.00', '1.25'),
(15, 150, '2025-06-15', '1.00', '1.25'),
(15, 151, '2025-06-15', '1.00', '1.25'),
(15, 152, '2025-06-15', '1.00', '2.25'),
(15, 153, '2025-06-15', '1.00', '1.25'),
(15, 154, '2025-06-15', '1.00', '1.25'),
(15, 155, '2025-06-15', '1.00', '1.25'),
(15, 156, '2025-06-15', '1.00', '1.25'),
(15, 157, '2025-06-15', '1.00', '2.25'),
(15, 158, '2025-06-15', '1.00', '1.25'),
(15, 159, '2025-06-15', '1.00', '1.25'),
(15, 160, '2025-06-15', '1.00', '2.25'),
(15, 161, '2025-06-15', '1.00', '1.25'),
(15, 162, '2025-06-15', '1.00', '1.25');

INSERT into sub_enrolled (studProgID, curID, enrolled_date, midterm, final) VALUES
(27, 23, '2025-06-15', '1.00', '3.25'),
(27, 24, '2025-06-15', '2.25', '1.00'),
(27, 27, '2025-06-15', '1.00', '3.00'),
(27, 28, '2025-06-15', '1.00', '2.25'),
(27, 29, '2025-06-15', '1.00', '2.25'),
(27, 30, '2025-06-15', '1.00', '3.25'),
(27, 31, '2025-06-15', '1.00', '1.25'),
(27, 32, '2025-06-15', '1.00', '2.25'),
(27, 33, '2025-06-15', '1.00', '3.25'),
(27, 37, '2025-06-15', '1.00', '1.25'),
(27, 38, '2025-06-15', '1.00', '3.25'),
(27, 39, '2025-06-15', '1.00', '1.25'),
(27, 40, '2025-06-15', '1.00', '1.25'),
(27, 41, '2025-06-15', '1.00', '3.25'),
(27, 42, '2025-06-15', '1.00', '1.25'),
(27, 43, '2025-06-15', '1.00', '1.25'),
(27, 48, '2025-06-15', '1.00', '2.25'),
(27, 49, '2025-06-15', '1.00', '1.25'),
(27, 50, '2025-06-15', '1.00', '1.25'),
(27, 51, '2025-06-15', '1.00', '2.25'),
(27, 52, '2025-06-15', '1.00', '1.25'),
(27, 58, '2025-06-15', '1.00', '3.25'),
(27, 59, '2025-06-15', '1.00', '1.25'),
(27, 60, '2025-06-15', '1.00', '2.25'),
(27, 61, '2025-06-15', '1.00', '1.25'),
(27, 136, '2025-06-15', '1.00', '2.25'),
(27, 137, '2025-06-15', '1.00', '1.25'),
(27, 138, '2025-06-15', '1.00', '1.25'),
(27, 139, '2025-06-15', '1.00', '2.25'),
(27, 140, '2025-06-15', '1.00', '3.25'),
(27, 141, '2025-06-15', '1.00', '1.25'),
(27, 142, '2025-06-15', '1.00', '1.25'),
(27, 143, '2025-06-15', '1.00', '1.25'),
(27, 144, '2025-06-15', '1.00', '2.25'),
(27, 145, '2025-06-15', '1.00', '1.25'),
(27, 146, '2025-06-15', '1.00', '1.25'),
(27, 147, '2025-06-15', '1.00', '1.25'),
(27, 148, '2025-06-15', '1.00', '2.25'),
(27, 149, '2025-06-15', '1.00', '1.25'),
(27, 150, '2025-06-15', '1.00', '1.25'),
(27, 151, '2025-06-15', '1.00', '1.25'),
(27, 152, '2025-06-15', '1.00', '2.25'),
(27, 153, '2025-06-15', '1.00', '1.25'),
(27, 154, '2025-06-15', '1.00', '1.25'),
(27, 155, '2025-06-15', '1.00', '1.25'),
(27, 156, '2025-06-15', '1.00', '1.25'),
(27, 157, '2025-06-15', '1.00', '2.25'),
(27, 158, '2025-06-15', '1.00', '1.25'),
(27, 159, '2025-06-15', '1.00', '1.25'),
(27, 160, '2025-06-15', '1.00', '2.25'),
(27, 161, '2025-06-15', '1.00', '1.25'),
(27, 162, '2025-06-15', '1.00', '1.25');

INSERT into sub_enrolled (studProgID, curID, enrolled_date, midterm, final) VALUES
(16, 23, '2025-06-15', '1.00', '3.25'),
(16, 24, '2025-06-15', '2.25', '1.00'),
(16, 27, '2025-06-15', '1.00', '3.00'),
(16, 28, '2025-06-15', '1.00', '2.25'),
(16, 29, '2025-06-15', '1.00', '2.25'),
(16, 30, '2025-06-15', '1.00', '3.25'),
(16, 31, '2025-06-15', '1.00', '1.25'),
(16, 32, '2025-06-15', '1.00', '2.25'),
(16, 33, '2025-06-15', '1.00', '3.25'),
(16, 37, '2025-06-15', '1.00', '1.25'),
(16, 38, '2025-06-15', '1.00', '3.25'),
(16, 39, '2025-06-15', '1.00', '1.25'),
(16, 40, '2025-06-15', '1.00', '1.25'),
(16, 41, '2025-06-15', '1.00', '3.25'),
(16, 42, '2025-06-15', '1.00', '1.25'),
(16, 43, '2025-06-15', '1.00', '1.25'),
(16, 48, '2025-06-15', '1.00', '2.25'),
(16, 49, '2025-06-15', '1.00', '1.25'),
(16, 50, '2025-06-15', '1.00', '1.25'),
(16, 51, '2025-06-15', '1.00', '2.25'),
(16, 52, '2025-06-15', '1.00', '1.25'),
(16, 58, '2025-06-15', '1.00', '3.25'),
(16, 59, '2025-06-15', '1.00', '1.25'),
(16, 60, '2025-06-15', '1.00', '2.25'),
(16, 61, '2025-06-15', '1.00', '1.25'),
(16, 136, '2025-06-15', '1.00', '2.25'),
(16, 137, '2025-06-15', '1.00', '1.25'),
(16, 138, '2025-06-15', '1.00', '1.25'),
(16, 139, '2025-06-15', '1.00', '2.25'),
(16, 140, '2025-06-15', '1.00', '3.25'),
(16, 141, '2025-06-15', '1.00', '1.25'),
(16, 142, '2025-06-15', '1.00', '1.25'),
(16, 143, '2025-06-15', '1.00', '1.25'),
(16, 144, '2025-06-15', '1.00', '2.25'),
(16, 145, '2025-06-15', '1.00', '1.25'),
(16, 146, '2025-06-15', '1.00', '1.25'),
(16, 147, '2025-06-15', '1.00', '1.25'),
(16, 148, '2025-06-15', '1.00', '2.25'),
(16, 149, '2025-06-15', '1.00', '1.25'),
(16, 150, '2025-06-15', '1.00', '1.25'),
(16, 151, '2025-06-15', '1.00', '1.25'),
(16, 152, '2025-06-15', '1.00', '2.25'),
(16, 153, '2025-06-15', '1.00', '1.25'),
(16, 154, '2025-06-15', '1.00', '1.25'),
(16, 155, '2025-06-15', '1.00', '1.25'),
(16, 156, '2025-06-15', '1.00', '1.25'),
(16, 157, '2025-06-15', '1.00', '2.25'),
(16, 158, '2025-06-15', '1.00', '1.25'),
(16, 159, '2025-06-15', '1.00', '1.25'),
(16, 160, '2025-06-15', '1.00', '2.25'),
(16, 161, '2025-06-15', '1.00', '1.25'),
(16, 162, '2025-06-15', '1.00', '1.25');

INSERT into sub_enrolled (studProgID, curID, enrolled_date, midterm, final) VALUES
(17, 23, '2025-06-15', '1.00', '3.25'),
(17, 24, '2025-06-15', '2.25', '1.00'),
(17, 27, '2025-06-15', '1.00', '3.00'),
(17, 28, '2025-06-15', '1.00', '2.25'),
(17, 29, '2025-06-15', '1.00', '2.25'),
(17, 30, '2025-06-15', '1.00', '3.25'),
(17, 31, '2025-06-15', '1.00', '1.25'),
(17, 32, '2025-06-15', '1.00', '2.25'),
(17, 33, '2025-06-15', '1.00', '3.25'),
(17, 37, '2025-06-15', '1.00', '1.25'),
(17, 38, '2025-06-15', '1.00', '3.25'),
(17, 39, '2025-06-15', '1.00', '1.25'),
(17, 40, '2025-06-15', '1.00', '1.25'),
(17, 41, '2025-06-15', '1.00', '3.25'),
(17, 42, '2025-06-15', '1.00', '1.25'),
(17, 43, '2025-06-15', '1.00', '1.25'),
(17, 48, '2025-06-15', '1.00', '2.25'),
(17, 49, '2025-06-15', '1.00', '1.25'),
(17, 50, '2025-06-15', '1.00', '1.25'),
(17, 51, '2025-06-15', '1.00', '2.25'),
(17, 52, '2025-06-15', '1.00', '1.25'),
(17, 58, '2025-06-15', '1.00', '3.25'),
(17, 59, '2025-06-15', '1.00', '1.25'),
(17, 60, '2025-06-15', '1.00', '2.25'),
(17, 61, '2025-06-15', '1.00', '1.25'),
(17, 136, '2025-06-15', '1.00', '2.25'),
(17, 137, '2025-06-15', '1.00', '1.25'),
(17, 138, '2025-06-15', '1.00', '1.25'),
(17, 139, '2025-06-15', '1.00', '2.25'),
(17, 140, '2025-06-15', '1.00', '3.25'),
(17, 141, '2025-06-15', '1.00', '1.25'),
(17, 142, '2025-06-15', '1.00', '1.25'),
(17, 143, '2025-06-15', '1.00', '1.25'),
(17, 144, '2025-06-15', '1.00', '2.25'),
(17, 145, '2025-06-15', '1.00', '1.25'),
(17, 146, '2025-06-15', '1.00', '1.25'),
(17, 147, '2025-06-15', '1.00', '1.25'),
(17, 148, '2025-06-15', '1.00', '2.25'),
(17, 149, '2025-06-15', '1.00', '1.25'),
(17, 150, '2025-06-15', '1.00', '1.25'),
(17, 151, '2025-06-15', '1.00', '1.25'),
(17, 152, '2025-06-15', '1.00', '2.25'),
(17, 153, '2025-06-15', '1.00', '1.25'),
(17, 154, '2025-06-15', '1.00', '1.25'),
(17, 155, '2025-06-15', '1.00', '1.25'),
(17, 156, '2025-06-15', '1.00', '1.25'),
(17, 157, '2025-06-15', '1.00', '2.25'),
(17, 158, '2025-06-15', '1.00', '1.25'),
(17, 159, '2025-06-15', '1.00', '1.25'),
(17, 160, '2025-06-15', '1.00', '2.25'),
(17, 161, '2025-06-15', '1.00', '1.25'),
(17, 162, '2025-06-15', '1.00', '1.25');

INSERT into sub_enrolled (studProgID, curID, enrolled_date, midterm, final) VALUES
(28, 23, '2025-06-15', '1.00', '3.25'),
(28, 24, '2025-06-15', '2.25', '1.00'),
(28, 27, '2025-06-15', '1.00', '3.00'),
(28, 28, '2025-06-15', '1.00', '2.25'),
(28, 29, '2025-06-15', '1.00', '2.25'),
(28, 30, '2025-06-15', '1.00', '3.25'),
(28, 31, '2025-06-15', '1.00', '1.25'),
(28, 32, '2025-06-15', '1.00', '2.25'),
(28, 33, '2025-06-15', '1.00', '3.25'),
(28, 37, '2025-06-15', '1.00', '1.25'),
(28, 38, '2025-06-15', '1.00', '3.25'),
(28, 39, '2025-06-15', '1.00', '1.25'),
(28, 40, '2025-06-15', '1.00', '1.25'),
(28, 41, '2025-06-15', '1.00', '3.25'),
(28, 42, '2025-06-15', '1.00', '1.25'),
(28, 43, '2025-06-15', '1.00', '1.25'),
(28, 48, '2025-06-15', '1.00', '2.25'),
(28, 49, '2025-06-15', '1.00', '1.25'),
(28, 50, '2025-06-15', '1.00', '1.25'),
(28, 51, '2025-06-15', '1.00', '2.25'),
(28, 52, '2025-06-15', '1.00', '1.25'),
(28, 58, '2025-06-15', '1.00', '3.25'),
(28, 59, '2025-06-15', '1.00', '1.25'),
(28, 60, '2025-06-15', '1.00', '2.25'),
(28, 61, '2025-06-15', '1.00', '1.25'),
(28, 136, '2025-06-15', '1.00', '2.25'),
(28, 137, '2025-06-15', '1.00', '1.25'),
(28, 138, '2025-06-15', '1.00', '1.25'),
(28, 139, '2025-06-15', '1.00', '2.25'),
(28, 140, '2025-06-15', '1.00', '3.25'),
(28, 141, '2025-06-15', '1.00', '1.25'),
(28, 142, '2025-06-15', '1.00', '1.25'),
(28, 143, '2025-06-15', '1.00', '1.25'),
(28, 144, '2025-06-15', '1.00', '2.25'),
(28, 145, '2025-06-15', '1.00', '1.25'),
(28, 146, '2025-06-15', '1.00', '1.25'),
(28, 147, '2025-06-15', '1.00', '1.25'),
(28, 148, '2025-06-15', '1.00', '2.25'),
(28, 149, '2025-06-15', '1.00', '1.25'),
(28, 150, '2025-06-15', '1.00', '1.25'),
(28, 151, '2025-06-15', '1.00', '1.25'),
(28, 152, '2025-06-15', '1.00', '2.25'),
(28, 153, '2025-06-15', '1.00', '1.25'),
(28, 154, '2025-06-15', '1.00', '1.25'),
(28, 155, '2025-06-15', '1.00', '1.25'),
(28, 156, '2025-06-15', '1.00', '1.25'),
(28, 157, '2025-06-15', '1.00', '2.25'),
(28, 158, '2025-06-15', '1.00', '1.25'),
(28, 159, '2025-06-15', '1.00', '1.25'),
(28, 160, '2025-06-15', '1.00', '2.25'),
(28, 161, '2025-06-15', '1.00', '1.25'),
(28, 162, '2025-06-15', '1.00', '1.25');



INSERT into sub_enrolled (studProgID, curID, enrolled_date, midterm, final) VALUES
(18, 25, '2025-06-15', '1.00', '1.25'),
(18, 26, '2025-06-15', '2.25', '1.00'),
(18, 27, '2025-06-15', '1.00', '1.00'),
(18, 28, '2025-06-15', '1.00', '1.25'),
(18, 29, '2025-06-15', '1.00', '1.25'),
(18, 30, '2025-06-15', '1.00', '1.25'),
(18, 31, '2025-06-15', '1.00', '1.25'),
(18, 32, '2025-06-15', '1.00', '1.25'),
(18, 33, '2025-06-15', '1.00', '1.25'),
(18, 34, '2025-06-15', '1.00', '1.25'),
(18, 35, '2025-06-15', '1.00', '1.25'),
(18, 36, '2025-06-15', '1.00', '1.25'),
(18, 37, '2025-06-15', '1.00', '1.25'),
(18, 38, '2025-06-15', '1.00', '1.25'),
(18, 39, '2025-06-15', '1.00', '1.25'),
(18, 40, '2025-06-15', '1.00', '1.25'),
(18, 41, '2025-06-15', '1.00', '1.25'),
(18, 42, '2025-06-15', '1.00', '1.25'),
(18, 43, '2025-06-15', '1.00', '1.25'),
(18, 44, '2025-06-15', '1.00', '1.25'),
(18, 45, '2025-06-15', '1.00', '1.25'),
(18, 46, '2025-06-15', '1.00', '1.25'),
(18, 47, '2025-06-15', '1.00', '1.25'),
(18, 48, '2025-06-15', '1.00', '1.25'),
(18, 49, '2025-06-15', '1.00', '1.25'),
(18, 50, '2025-06-15', '1.00', '1.25'),
(18, 51, '2025-06-15', '1.00', '1.25'),
(18, 52, '2025-06-15', '1.00', '1.25'),
(18, 53, '2025-06-15', '1.00', '1.25'),
(18, 54, '2025-06-15', '1.00', '1.25'),
(18, 55, '2025-06-15', '1.00', '1.25'),
(18, 56, '2025-06-15', '1.00', '1.25'),
(18, 57, '2025-06-15', '1.00', '1.25'),
(18, 58, '2025-06-15', '1.00', '1.25'),
(18, 59, '2025-06-15', '1.00', '1.25'),
(18, 60, '2025-06-15', '1.00', '1.25'),
(18, 61, '2025-06-15', '1.00', '1.25');

INSERT into sub_enrolled (studProgID, curID, enrolled_date, midterm, final) VALUES
(18, 1, '2025-06-15', '1.00', '1.25'),
(18, 2, '2025-06-15', '2.25', '1.00'),
(18, 3, '2025-06-15', '1.00', '1.00'),
(18, 4, '2025-06-15', '1.00', '1.25'),
(18, 5, '2025-06-15', '1.00', '1.25'),
(18, 6, '2025-06-15', '1.00', '1.25'),
(18, 7, '2025-06-15', '1.00', '1.25'),
(18, 8, '2025-06-15', '1.00', '1.25'),
(18, 9, '2025-06-15', '1.00', '1.25'),
(18, 10, '2025-06-15', '1.00', '1.25'),
(18, 11, '2025-06-15', '1.00', '1.25'),
(18, 12, '2025-06-15', '1.00', '1.25'),
(18, 13, '2025-06-15', '1.00', '1.25'),
(18, 14, '2025-06-15', '1.00', '1.25'),
(18, 15, '2025-06-15', '1.00', '1.25'),
(18, 16, '2025-06-15', '1.00', '1.25'),
(18, 17, '2025-06-15', '1.00', '1.25'),
(18, 18, '2025-06-15', '1.00', '1.25'),
(18, 19, '2025-06-15', '1.00', '1.25'),
(18, 20, '2025-06-15', '1.00', '1.25'),
(18, 21, '2025-06-15', '1.00', '1.25'),
(18, 22, '2025-06-15', '1.00', '1.25');

INSERT into sub_enrolled (studProgID, curID, enrolled_date, midterm, final) VALUES
(19, 23, '2025-06-15', '1.00', '3.25'),
(19, 24, '2025-06-15', '2.25', '1.00'),
(19, 27, '2025-06-15', '1.00', '3.00'),
(19, 28, '2025-06-15', '1.00', '2.25'),
(19, 29, '2025-06-15', '1.00', '2.25'),
(19, 30, '2025-06-15', '1.00', '3.25'),
(19, 31, '2025-06-15', '1.00', '1.25'),
(19, 32, '2025-06-15', '1.00', '2.25'),
(19, 33, '2025-06-15', '1.00', '3.25'),
(19, 37, '2025-06-15', '1.00', '1.25'),
(19, 38, '2025-06-15', '1.00', '3.25'),
(19, 39, '2025-06-15', '1.00', '1.25'),
(19, 40, '2025-06-15', '1.00', '1.25'),
(19, 41, '2025-06-15', '1.00', '3.25'),
(19, 42, '2025-06-15', '1.00', '1.25'),
(19, 43, '2025-06-15', '1.00', '1.25'),
(19, 48, '2025-06-15', '1.00', '2.25'),
(19, 49, '2025-06-15', '1.00', '1.25'),
(19, 50, '2025-06-15', '1.00', '1.25'),
(19, 51, '2025-06-15', '1.00', '2.25'),
(19, 52, '2025-06-15', '1.00', '1.25'),
(19, 58, '2025-06-15', '1.00', '3.25'),
(19, 59, '2025-06-15', '1.00', '1.25'),
(19, 60, '2025-06-15', '1.00', '2.25'),
(19, 61, '2025-06-15', '1.00', '1.25'),
(19, 136, '2025-06-15', '1.00', '2.25'),
(19, 137, '2025-06-15', '1.00', '1.25'),
(19, 138, '2025-06-15', '1.00', '1.25'),
(19, 139, '2025-06-15', '1.00', '2.25'),
(19, 140, '2025-06-15', '1.00', '3.25'),
(19, 141, '2025-06-15', '1.00', '1.25'),
(19, 142, '2025-06-15', '1.00', '1.25'),
(19, 143, '2025-06-15', '1.00', '1.25'),
(19, 144, '2025-06-15', '1.00', '2.25'),
(19, 145, '2025-06-15', '1.00', '1.25'),
(19, 146, '2025-06-15', '1.00', '1.25'),
(19, 147, '2025-06-15', '1.00', '1.25'),
(19, 148, '2025-06-15', '1.00', '2.25'),
(19, 149, '2025-06-15', '1.00', '1.25'),
(19, 150, '2025-06-15', '1.00', '1.25'),
(19, 151, '2025-06-15', '1.00', '1.25'),
(19, 152, '2025-06-15', '1.00', '2.25'),
(19, 153, '2025-06-15', '1.00', '1.25'),
(19, 154, '2025-06-15', '1.00', '1.25'),
(19, 155, '2025-06-15', '1.00', '1.25'),
(19, 156, '2025-06-15', '1.00', '1.25'),
(19, 157, '2025-06-15', '1.00', '2.25'),
(19, 158, '2025-06-15', '1.00', '1.25'),
(19, 159, '2025-06-15', '1.00', '1.25'),
(19, 160, '2025-06-15', '1.00', '2.25'),
(19, 161, '2025-06-15', '1.00', '1.25'),
(19, 162, '2025-06-15', '1.00', '1.25');

INSERT into sub_enrolled (studProgID, curID, enrolled_date, midterm, final) VALUES
(21, 23, '2025-06-15', '1.00', '3.25'),
(21, 24, '2025-06-15', '2.25', '1.00'),
(21, 27, '2025-06-15', '1.00', '3.00'),
(21, 28, '2025-06-15', '1.00', '2.25'),
(21, 29, '2025-06-15', '1.00', '2.25'),
(21, 30, '2025-06-15', '1.00', '3.25'),
(21, 31, '2025-06-15', '1.00', '1.25'),
(21, 32, '2025-06-15', '1.00', '2.25'),
(21, 33, '2025-06-15', '1.00', '3.25'),
(21, 37, '2025-06-15', '1.00', '1.25'),
(21, 38, '2025-06-15', '1.00', '3.25'),
(21, 39, '2025-06-15', '1.00', '1.25'),
(21, 40, '2025-06-15', '1.00', '1.25'),
(21, 41, '2025-06-15', '1.00', '3.25'),
(21, 42, '2025-06-15', '1.00', '1.25'),
(21, 43, '2025-06-15', '1.00', '1.25'),
(21, 48, '2025-06-15', '1.00', '2.25'),
(21, 49, '2025-06-15', '1.00', '1.25'),
(21, 50, '2025-06-15', '1.00', '1.25'),
(21, 51, '2025-06-15', '1.00', '2.25'),
(21, 52, '2025-06-15', '1.00', '1.25'),
(21, 58, '2025-06-15', '1.00', '3.25'),
(21, 59, '2025-06-15', '1.00', '1.25'),
(21, 60, '2025-06-15', '1.00', '2.25'),
(21, 61, '2025-06-15', '1.00', '1.25'),
(21, 136, '2025-06-15', '1.00', '2.25'),
(21, 137, '2025-06-15', '1.00', '1.25'),
(21, 138, '2025-06-15', '1.00', '1.25'),
(21, 139, '2025-06-15', '1.00', '2.25'),
(21, 140, '2025-06-15', '1.00', '3.25'),
(21, 141, '2025-06-15', '1.00', '1.25'),
(21, 142, '2025-06-15', '1.00', '1.25'),
(21, 143, '2025-06-15', '1.00', '1.25'),
(21, 144, '2025-06-15', '1.00', '2.25'),
(21, 145, '2025-06-15', '1.00', '1.25'),
(21, 146, '2025-06-15', '1.00', '1.25'),
(21, 147, '2025-06-15', '1.00', '1.25'),
(21, 148, '2025-06-15', '1.00', '2.25'),
(21, 149, '2025-06-15', '1.00', '1.25'),
(21, 150, '2025-06-15', '1.00', '1.25'),
(21, 151, '2025-06-15', '1.00', '1.25'),
(21, 152, '2025-06-15', '1.00', '2.25'),
(21, 153, '2025-06-15', '1.00', '1.25'),
(21, 154, '2025-06-15', '1.00', '1.25'),
(21, 155, '2025-06-15', '1.00', '1.25'),
(21, 156, '2025-06-15', '1.00', '1.25'),
(21, 157, '2025-06-15', '1.00', '2.25'),
(21, 158, '2025-06-15', '1.00', '1.25'),
(21, 159, '2025-06-15', '1.00', '1.25'),
(21, 160, '2025-06-15', '1.00', '2.25'),
(21, 161, '2025-06-15', '1.00', '1.25'),
(21, 162, '2025-06-15', '1.00', '1.25');

INSERT into sub_enrolled (studProgID, curID, enrolled_date, midterm, final) VALUES
(22, 23, '2025-06-15', '1.00', '3.25'),
(22, 24, '2025-06-15', '2.25', '1.00'),
(22, 27, '2025-06-15', '1.00', '3.00'),
(22, 28, '2025-06-15', '1.00', '2.25'),
(22, 29, '2025-06-15', '1.00', '2.25'),
(22, 30, '2025-06-15', '1.00', '3.25'),
(22, 31, '2025-06-15', '1.00', '1.25'),
(22, 32, '2025-06-15', '1.00', '2.25'),
(22, 33, '2025-06-15', '1.00', '3.25'),
(22, 37, '2025-06-15', '1.00', '1.25'),
(22, 38, '2025-06-15', '1.00', '3.25'),
(22, 39, '2025-06-15', '1.00', '1.25'),
(22, 40, '2025-06-15', '1.00', '1.25'),
(22, 41, '2025-06-15', '1.00', '3.25'),
(22, 42, '2025-06-15', '1.00', '1.25'),
(22, 43, '2025-06-15', '1.00', '1.25'),
(22, 48, '2025-06-15', '1.00', '2.25'),
(22, 49, '2025-06-15', '1.00', '1.25'),
(22, 50, '2025-06-15', '1.00', '1.25'),
(22, 51, '2025-06-15', '1.00', '2.25'),
(22, 52, '2025-06-15', '1.00', '1.25'),
(22, 58, '2025-06-15', '1.00', '3.25'),
(22, 59, '2025-06-15', '1.00', '1.25'),
(22, 60, '2025-06-15', '1.00', '2.25'),
(22, 61, '2025-06-15', '1.00', '1.25'),
(22, 136, '2025-06-15', '1.00', '2.25'),
(22, 137, '2025-06-15', '1.00', '1.25'),
(22, 138, '2025-06-15', '1.00', '1.25'),
(22, 139, '2025-06-15', '1.00', '2.25'),
(22, 140, '2025-06-15', '1.00', '3.25'),
(22, 141, '2025-06-15', '1.00', '1.25'),
(22, 142, '2025-06-15', '1.00', '1.25'),
(22, 143, '2025-06-15', '1.00', '1.25'),
(22, 144, '2025-06-15', '1.00', '2.25'),
(22, 145, '2025-06-15', '1.00', '1.25'),
(22, 146, '2025-06-15', '1.00', '1.25'),
(22, 147, '2025-06-15', '1.00', '1.25'),
(22, 148, '2025-06-15', '1.00', '2.25'),
(22, 149, '2025-06-15', '1.00', '1.25'),
(22, 150, '2025-06-15', '1.00', '1.25'),
(22, 151, '2025-06-15', '1.00', '1.25'),
(22, 152, '2025-06-15', '1.00', '2.25'),
(22, 153, '2025-06-15', '1.00', '1.25'),
(22, 154, '2025-06-15', '1.00', '1.25'),
(22, 155, '2025-06-15', '1.00', '1.25'),
(22, 156, '2025-06-15', '1.00', '1.25'),
(22, 157, '2025-06-15', '1.00', '2.25'),
(22, 158, '2025-06-15', '1.00', '1.25'),
(22, 159, '2025-06-15', '1.00', '1.25'),
(22, 160, '2025-06-15', '1.00', '2.25'),
(22, 161, '2025-06-15', '1.00', '1.25'),
(22, 162, '2025-06-15', '1.00', '1.25');

INSERT into sub_enrolled (studProgID, curID, enrolled_date, midterm, final) VALUES
(23, 23, '2025-06-15', '1.00', '3.25'),
(23, 24, '2025-06-15', '2.25', '1.00'),
(23, 27, '2025-06-15', '1.00', '3.00'),
(23, 28, '2025-06-15', '1.00', '2.25'),
(23, 29, '2025-06-15', '1.00', '2.25'),
(23, 30, '2025-06-15', '1.00', '3.25'),
(23, 31, '2025-06-15', '1.00', '1.25'),
(23, 32, '2025-06-15', '1.00', '2.25'),
(23, 33, '2025-06-15', '1.00', '3.25'),
(23, 37, '2025-06-15', '1.00', '1.25'),
(23, 38, '2025-06-15', '1.00', '3.25'),
(23, 39, '2025-06-15', '1.00', '1.25'),
(23, 40, '2025-06-15', '1.00', '1.25'),
(23, 41, '2025-06-15', '1.00', '3.25'),
(23, 42, '2025-06-15', '1.00', '1.25'),
(23, 43, '2025-06-15', '1.00', '1.25'),
(23, 48, '2025-06-15', '1.00', '2.25'),
(23, 49, '2025-06-15', '1.00', '1.25'),
(23, 50, '2025-06-15', '1.00', '1.25'),
(23, 51, '2025-06-15', '1.00', '2.25'),
(23, 52, '2025-06-15', '1.00', '1.25'),
(23, 58, '2025-06-15', '1.00', '3.25'),
(23, 59, '2025-06-15', '1.00', '1.25'),
(23, 60, '2025-06-15', '1.00', '2.25'),
(23, 61, '2025-06-15', '1.00', '1.25'),
(23, 136, '2025-06-15', '1.00', '2.25'),
(23, 137, '2025-06-15', '1.00', '1.25'),
(23, 138, '2025-06-15', '1.00', '1.25'),
(23, 139, '2025-06-15', '1.00', '2.25'),
(23, 140, '2025-06-15', '1.00', '3.25'),
(23, 141, '2025-06-15', '1.00', '1.25'),
(23, 142, '2025-06-15', '1.00', '1.25'),
(23, 143, '2025-06-15', '1.00', '1.25'),
(23, 144, '2025-06-15', '1.00', '2.25'),
(23, 145, '2025-06-15', '1.00', '1.25'),
(23, 146, '2025-06-15', '1.00', '1.25'),
(23, 147, '2025-06-15', '1.00', '1.25'),
(23, 148, '2025-06-15', '1.00', '2.25'),
(23, 149, '2025-06-15', '1.00', '1.25'),
(23, 150, '2025-06-15', '1.00', '1.25'),
(23, 151, '2025-06-15', '1.00', '1.25'),
(23, 152, '2025-06-15', '1.00', '2.25'),
(23, 153, '2025-06-15', '1.00', '1.25'),
(23, 154, '2025-06-15', '1.00', '1.25'),
(23, 155, '2025-06-15', '1.00', '1.25'),
(23, 156, '2025-06-15', '1.00', '1.25'),
(23, 157, '2025-06-15', '1.00', '2.25'),
(23, 158, '2025-06-15', '1.00', '1.25'),
(23, 159, '2025-06-15', '1.00', '1.25'),
(23, 160, '2025-06-15', '1.00', '2.25'),
(23, 161, '2025-06-15', '1.00', '1.25'),
(23, 162, '2025-06-15', '1.00', '1.25');