use enrollmentsys24samp;

INSERT INTO students (lastname, firstname, middlename, birthdate) VALUES
('Lavina24', 'Jhon', 'Mcberry', '2005-06-15'),
('Reyes24', 'Junrick', NULL, '2004-07-20'),
('Cano24', 'Jay Patrick', 'Montreal', '2003-11-10'),
('Baltazar24', 'Leslie', NULL, '2005-03-28'),
('Villaranda24', 'Rainy', 'Amour', '2003-12-17'),
('Picorro24', 'Joana', NULL, '2004-11-30'),
('Ganolo24', 'Isaac', 'Santos', '2004-05-12'),
('Calucin24', 'Mark', NULL, '2005-08-22'),
('Lavina24', 'Evangeline', 'Cruz', '2003-10-15'),
('Android24', 'Benson', NULL, '2004-11-18'),
('Pascual24', 'Paolo', 'Fernandez', '2003-12-19'),
('Poe24', 'Fernando', NULL, '2004-11-18'),
('Poe24', 'Grace', 'Gomez', '2003-10-15'),
('Enriquez24', 'Mike', NULL, '2003-12-17'),
('Villaruel24', 'Claire', 'Castro', '2005-03-28'),
('Salamanca24', 'Bianca', NULL, '2005-06-15'),
('Chuandez24', 'Milky', 'Tan', '2004-11-30'),
('Velasco24', 'Patricia', NULL, '2005-08-22'),
('Egido24', 'Joshua', 'Manalo', '2004-11-18'),
('Estrada24', 'Joseph', NULL, '2005-06-15'),
('Henley24', 'Joseph', 'Cadayona', '2003-12-17');

INSERT INTO curriculum (subjectCode, semester, yearlevel, subdescription, units) VALUES
('CS 301', '1', '3', 'Information Assurance and Security', 3),
('CS 302', '1', '3', 'Platform Technologies', 3),
('CS 303', '1', '3', 'Discrete Structures 2', 3),
('CS 304', '1', '3', 'Algorithms and Complexity', 3),
('CS 305', '1', '3', 'Software Engineering 1', 3),
('CS 306', '1', '3', 'Business Analytics', 3),
('CS 307', '1', '3', 'Enterprise Data Management', 3),
('THEO 3A', '1', '3', 'Christian Morality', 3),
('CS 311', '2', '3', 'Analytics Tools and Techniques', 3),
('CS 312', '2', '3', 'Analytics Modeling', 3),
('CS 313', '2', '3', 'Social Issues and Professional Practice', 3),
('CS 314', '2', '3', 'Operating Systems', 3),
('CS 315', '2', '3', 'Software Engineering 2', 3),
('CS 316', '2', '3', 'Programming Languages', 3),
('CSEL 1', '2', '3', 'CS ELECTIVE 1', 3),
('THEO 3B', '2', '3', 'The Commandments', 3),
('THESIS 1', '0', '3', 'Thesis Writing 1', 3),
('THEO 4A', '0', '3', 'Intro to Pastoral Life/BEC', 3),
('THESIS 2', '1', '4', 'Thesis Writing 2', 3),
('CS 401', '1', '4', 'Automata Theory and Formal Languages', 3),
('CS 402', '1', '4', 'Analytics Application', 3),
('CS 403', '1', '4', 'Professional Enhancement', 3),
('IT 101', '1', '1', 'Intro to Computing', 3),
('IT 102', '1', '1', 'Computer Programming 1', 3),
('CS 101', '1', '1', 'Introduction to Computing', 3),
('CS 102', '1', '1', 'Computer Programming 1', 3),
('GE 1', '1', '1', 'Understanding the Self', 3),
('GE 2', '1', '1', 'Readings in Phil History', 3),
('GE 3', '1', '1', 'Mathematics in the Modern World', 3),
('GEEL 1', '1', '1', 'Living in the IT Era', 3),
('THEO 1A', '1', '1', 'Old Testament', 2),
('PATHFIT 1', '1', '1', 'Physical Activities Towards Health & Fitness 1', 2),
('NSTP 11', '1', '1', 'National Service Training Program', 3),
('CS 111', '2', '1', 'Networks and Communications 1', 3),
('CS 112', '2', '1', 'Computer Programming 2', 3),   
('CS 113', '2', '1', 'Discrete Structures 1', 3),
('GE 4', '2', '1', 'Purposive Communication', 3),
('GE 5', '2', '1', 'Science, Technology, and Society', 3),
('GE 6', '2', '1', 'The Contemporary World', 3),
('GEEL 2', '2', '1', 'Gender and Society', 3),
('THEO 1B', '2', '1', 'New Testament', 2),
('PATHFIT 2', '2', '1', 'Physical Activities Towards Health & Fitness 2', 2),
('NSTP 12', '2', '1', 'National Service Training Program 2', 3),
('CS 201', '1', '2', 'Information Management', 3),
('CS 202', '1', '2', 'Data Structures and Algorithms', 3),
('CS 203', '1', '2', 'Web Systems and Technologies', 3),
('STAT 1A', '1', '2', 'Probability and Statistics', 3),
('GE 7', '1', '2', 'Art Appreciation', 3),
('GE 8', '1', '2', 'Ethics', 3),
('GEEL 3D', '1', '2', 'The Entrepreneurial Mind', 3),
('THEO 2A', '1', '2', 'Christology', 2),
('PATHFIT 3', '1', '2', 'Physical Activities Towards Health & Fitness 3', 2),
('CS 211', '2', '2', 'Object-Oriented Programming', 3),
('CS 212', '2', '2', 'Human Computer Interaction', 3),
('CS 213', '2', '2', 'Application Dev and Emerging Tech', 3),
('CS 214', '2', '2', 'Information Management 2', 3),
('CS 215', '2', '2', 'System Analysis and Design', 3),
('GE 9', '2', '2', 'Life and Works of Rizal', 3),
('COURSE EN1', '2', '2', 'Course Enhancement 1', 3),
('THEO 2B', '2', '2', 'Mariology', 2),
('PATHFIT 4', '2', '2', 'Physical Activities Towards Health & Fitness 4', 2),
('IT 111', '2', '1', 'Networks and Communications 1', 3),
('IT 112', '2', '1', 'Computer Programming 2', 3),
('IT 113', '2', '1', 'Discrete Structures', 3),
('IT 201', '1', '2', 'Information Management', 3),
('IT 202', '1', '2', 'Data Structures and Algorithms', 3),
('IT 203', '1', '2', 'Web System and Technologies 1', 3),
('IT 204', '1', '2', 'Platform Technologies', 3),
('IT 211', '2', '2', 'Object-oriented Programming', 3),
('IT 212', '2', '2', 'Human Computer Interaction', 3),
('IT 213', '2', '2', 'Application Development and Emerging Technologies', 3),
('IT 214', '2', '2', 'Information Management 2', 3),
('IT 215', '2', '2', 'System Analysis and Design', 3),
('IT 301', '1', '3', 'Information Assurance and Security', 3),
('IT 302', '1', '3', 'Systems Integration and Architecture 1', 3),
('IT 303', '1', '3', 'Networking 2', 3),
('IT 304', '1', '3', 'Quantitative Methods', 3),
('IT 305', '1', '3', 'Web Systems and Technologies 2', 3),
('IT 306', '1', '3', 'Business Analytics', 3),
('IT 307', '1', '3', 'Enterprise Data Management', 3),
('IT EL1', '1', '3', 'IT Elective 1', 3),
('IT 311', '2', '3', 'Analytics Tools and Techniques', 3),
('IT 312', '2', '3', 'Analytics Modeling', 3),
('IT 313', '2', '3', 'Social Issues and Professional Practice', 3),
('IT 314', '2', '3', 'Systems Admin and Maintenance', 3),
('IT 315', '2', '3', 'Integrative Programming and Tech 1', 3),
('COURSE EN2', '2', '3', 'Course Enhancement 2', 3),
('IT EL2', '2', '3', 'IT Elective 2', 3),
('CAPSTONE 1', '0', '3', 'Capstone Project 1', 3),
('CAPSTONE 2', '1', '4', 'Capstone Project 2', 3),
('IT 401', '1', '4', 'Technopreneurship', 3),
('IT 402', '1', '4', 'Analytics Application', 3),
('PROF EN', '1', '4', 'Professional Enhancement', 3),
('IT EL3', '1', '4', 'IT Elective 3', 3),
('IT EL4', '1', '4', 'IT Elective 4', 3),
('THEO 4B', '1', '4', 'Pastoral Exposure', 1),
('PRAC', '2', '4', 'Internship/Practicum', 6),
('SEM TOUR', '2', '4', 'Seminar and Tour', 3);

INSERT INTO course (courseName, courseDesc) VALUES
('CS', 'Bachelor of Science in Computer Science'),
('IT', 'Bachelor of Science in Information Technology'),
('MBA', 'Masters of Business Administration'),
('PHILO', 'Bachelor of Arts in Philosophy'),
('Polsci', 'Bachelor of Arts in Political Science'),
('BEED', 'Bachelor of Elementary Education'),
('BSA', 'Bachelor of Science in Accountancy'),
('CE', 'Bachelor of Science in Civil Engineering'),
('ARC', 'Bachelor of Science in Architecture'),
('CRIM', 'Bachelor of Science in Criminology'),
('HM', 'Bachelor of Science in Hospitality Management'),
('NUR', 'Bachelor of Science in Nursing'),
('OA', 'Bachelor of Science in Office Administration'),
('TM', 'Bachelor of Science in Tourism Management');

insert into academic_years (academicYear) VALUES
('2020-2021'),
('2021-2022'),
('2022-2023'),
('2023-2024'),
('2024-2025'),
('2025-2026'),
('2026-2027');

insert into student_programs (student_id, courseID) VALUES
(1, 1),
(2, 1),
(3, 1),
(4, 1),
(5, 1),
(6, 1),
(7, 1),
(8, 1),
(9, 1),
(10, 1),
(11, 2),
(12, 2),
(13, 2),
(14, 2),
(15, 2),
(16, 2),
(17, 2),
(18, 2),
(19, 2),
(20, 2),
(21, 1);

insert into course_curriculum (courseID, curID, acadYearID, revision) VALUES
(1, 1, 1, 1),
(1, 2, 1, 1),
(1, 3, 1, 1),
(1, 4, 1, 1),
(1, 5, 1, 1),
(1, 6, 1, 1),
(1, 7, 1, 1),
(1, 8, 1, 1),
(1, 9, 1, 1),
(1, 10, 1, 1),
(1, 11, 1, 1),
(1, 12, 1, 1),
(1, 13, 1, 1),
(1, 14, 1, 1),
(1, 15, 1, 1),
(1, 16, 1, 1),
(1, 17, 1, 1),
(1, 18, 1, 1),
(1, 19, 1, 1),
(1, 20, 1, 1),
(1,21, 1, 1),
(1,22, 1, 1),
(1, 25, 1, 1),
(1, 26, 1, 1),
(1, 27, 1, 1),
(1, 28, 1, 1),
(1, 29, 1, 1),
(1, 30, 1, 1),
(1, 31, 1, 1),
(1, 32, 1, 1),
(1, 33, 1, 1),
(1, 34, 1, 1),
(1, 35, 1, 1),
(1, 36, 1, 1),
(1, 37, 1, 1),
(1, 38, 1, 1),
(1, 39, 1, 1),
(1, 40, 1, 1),
(1, 41, 1, 1),
(1, 42, 1, 1),
(1, 43, 1, 1),
(1, 44, 1, 1),
(1, 45, 1, 1),
(1, 46, 1, 1),
(1, 47, 1, 1),
(1, 48, 1, 1),
(1, 49, 1, 1),
(1, 50, 1, 1),
(1, 51, 1, 1),
(1, 52, 1, 1),
(1, 53, 1, 1),
(1, 54, 1, 1),
(1, 55, 1, 1),
(1, 56, 1, 1),
(1, 57, 1, 1),
(1, 58, 1, 1),
(1, 59, 1, 1),
(1, 60, 1, 1),
(1, 61, 1, 1),
(2, 8, 1, 1),
(2, 16, 1, 1),
(2, 18, 1, 1),
(2, 23, 1, 1),
(2, 24, 1, 1),
(2, 27, 1, 1),
(2, 28, 1, 1),
(2, 29, 1, 1),
(2, 30, 1, 1),
(2, 31, 1, 1),
(2, 32, 1, 1),
(2, 33, 1, 1),
(2, 37, 1, 1),
(2, 38, 1, 1),
(2, 39, 1, 1),
(2, 40, 1, 1),
(2, 41, 1, 1),
(2, 42, 1, 1),
(2, 43, 1, 1),
(2, 48, 1, 1),
(2, 49, 1, 1),
(2, 50, 1, 1),
(2, 51, 1, 1),
(2, 52, 1, 1),
(2, 59, 1, 1),
(2, 60, 1, 1),
(2, 61, 1, 1),
(2, 62, 1, 1),
(2, 63, 1, 1),
(2, 64, 1, 1),
(2, 65, 1, 1),
(2, 66, 1, 1),
(2, 67, 1, 1),
(2, 68, 1, 1),
(2, 69, 1, 1),
(2, 70, 1, 1),
(2, 71, 1, 1),
(2, 72, 1, 1),
(2, 73, 1, 1),
(2, 74, 1, 1),
(2, 75, 1, 1),
(2, 76, 1, 1),
(2, 77, 1, 1),
(2, 78, 1, 1),
(2, 79, 1, 1),
(2, 80, 1, 1),
(2, 81, 1, 1),
(2, 82, 1, 1),
(2, 83, 1, 1),
(2, 84, 1, 1),
(2, 85, 1, 1),
(2, 86, 1, 1),
(2, 87, 1, 1),
(2, 88, 1, 1),
(2, 89, 1, 1),
(2, 90, 1, 1),
(2, 91, 1, 1),
(2, 92, 1, 1),
(2, 93, 1, 1),
(2, 94, 1, 1),
(2, 95, 1, 1),
(2, 96, 1, 1),
(2, 97, 1, 1),
(2, 98, 1, 1),
(1, 97, 1, 1),
(1, 98, 1, 1);


INSERT INTO student_enrollments (studEnrollID, acadYearID, semester, status)
VALUES
(1,1,1,'COMPLETED'),(1,1,2,'COMPLETED'),
(1,2,1,'COMPLETED'),(1,2,2,'COMPLETED'),
(1,3,1,'COMPLETED'),(1,3,2,'COMPLETED'),(1,3,0,'ONGOING'),

(10,1,1,'COMPLETED'),(10,1,2,'COMPLETED'),
(10,2,1,'COMPLETED'),(10,2,2,'COMPLETED'),
(10,3,1,'COMPLETED'),(10,3,2,'COMPLETED'),(10,3,0,'COMPLETED'),
(10,4,1,'COMPLETED'),(10,4,2,'ONGOING'),

(2, 1, 1, 'COMPLETED'), (2, 1, 2, 'COMPLETED'),
(2, 2, 1, 'COMPLETED'), (2, 2, 2, 'ONGOING'),

(3, 1, 1, 'COMPLETED'), (3, 1, 2, 'COMPLETED'),
(3, 2, 1, 'COMPLETED'), (3, 2, 2, 'ONGOING'),

(4, 1, 1, 'COMPLETED'), (4, 1, 2, 'COMPLETED'),
(4, 2, 1, 'COMPLETED'), (4, 2, 2, 'ONGOING'),

(5,1,1,'COMPLETED'),(5,1,2,'COMPLETED'),
(5,2,1,'COMPLETED'),(5,2,2,'COMPLETED'),
(5,3,1,'COMPLETED'),(5,3,2,'COMPLETED'),(5,3,0,'ONGOING'),

(6,1,1,'COMPLETED'),(6,1,2,'COMPLETED'),
(6,2,1,'COMPLETED'),(6,2,2,'COMPLETED'),
(6,3,1,'COMPLETED'),(6,3,2,'COMPLETED'),(6,3,0,'ONGOING'),

(7,1,1,'COMPLETED'),(7,1,2,'COMPLETED'),
(7,2,1,'COMPLETED'),(7,2,2,'COMPLETED'),
(7,3,1,'COMPLETED'),(7,3,2,'COMPLETED'),(7,3,0,'ONGOING'),

(8, 1, 1, 'COMPLETED'), (8, 1, 2, 'COMPLETED'),
(8, 2, 1, 'COMPLETED'), (8, 2, 2, 'ONGOING'),

(9, 1, 1, 'COMPLETED'), (9, 1, 2, 'COMPLETED'),
(9, 2, 1, 'COMPLETED'), (9, 2, 2, 'ONGOING'),

(11,1,1,'COMPLETED'),(11,1,2,'COMPLETED'),
(11,2,1,'COMPLETED'),(11,2,2,'COMPLETED'),
(11,3,1,'COMPLETED'),(11,3,2,'COMPLETED'),(11,3,0,'COMPLETED'),
(11,4,1,'COMPLETED'),(11,4,2,'COMPLETED'),

(12,1,1,'COMPLETED'),(12,1,2,'COMPLETED'),
(12,2,1,'COMPLETED'),(12,2,2,'COMPLETED'),
(12,3,1,'COMPLETED'),(12,3,2,'COMPLETED'),(12,3,0,'COMPLETED'),
(12,4,1,'COMPLETED'),(12,4,2,'COMPLETED'),

(13,1,1,'COMPLETED'),(13,1,2,'COMPLETED'),
(13,2,1,'COMPLETED'),(13,2,2,'COMPLETED'),
(13,3,1,'COMPLETED'),(13,3,2,'COMPLETED'),(13,3,0,'COMPLETED'),
(13,4,1,'COMPLETED'),(13,4,2,'COMPLETED'),

(14,1,1,'COMPLETED'),(14,1,2,'COMPLETED'),
(14,2,1,'COMPLETED'),(14,2,2,'COMPLETED'),
(14,3,1,'COMPLETED'),(14,3,2,'COMPLETED'),(14,3,0,'COMPLETED'),
(14,4,1,'COMPLETED'),(14,4,2,'COMPLETED'),

(15,1,1,'COMPLETED'),(15,1,2,'COMPLETED'),
(15,2,1,'COMPLETED'),(15,2,2,'COMPLETED'),
(15,3,1,'COMPLETED'),(15,3,2,'COMPLETED'),(15,3,0,'COMPLETED'),
(15,4,1,'COMPLETED'),(15,4,2,'COMPLETED'),

(16,1,1,'COMPLETED'),(16,1,2,'COMPLETED'),
(16,2,1,'COMPLETED'),(16,2,2,'COMPLETED'),
(16,3,1,'COMPLETED'),(16,3,2,'COMPLETED'),(16,3,0,'COMPLETED'),
(16,4,1,'COMPLETED'),(16,4,2,'COMPLETED'),

(17,1,1,'COMPLETED'),(17,1,2,'COMPLETED'),
(17,2,1,'COMPLETED'),(17,2,2,'COMPLETED'),
(17,3,1,'COMPLETED'),(17,3,2,'COMPLETED'),(17,3,0,'COMPLETED'),
(17,4,1,'COMPLETED'),(17,4,2,'COMPLETED'),

(18,1,1,'COMPLETED'),(18,1,2,'COMPLETED'),
(18,2,1,'COMPLETED'),(18,2,2,'COMPLETED'),
(18,3,1,'COMPLETED'),(18,3,2,'COMPLETED'),(18,3,0,'COMPLETED'),
(18,4,1,'COMPLETED'),(18,4,2,'COMPLETED'),

(19,1,1,'COMPLETED'),(19,1,2,'COMPLETED'),
(19,2,1,'COMPLETED'),(19,2,2,'COMPLETED'),
(19,3,1,'COMPLETED'),(19,3,2,'COMPLETED'),(19,3,0,'COMPLETED'),
(19,4,1,'COMPLETED'),(19,4,2,'COMPLETED'),

(20,1,1,'COMPLETED'),(20,1,2,'COMPLETED'),
(20,2,1,'COMPLETED'),(20,2,2,'COMPLETED'),
(20,3,1,'COMPLETED'),(20,3,2,'COMPLETED'),(20,3,0,'COMPLETED'),
(20,4,1,'COMPLETED'),(20,4,2,'COMPLETED'),

(21,1,1,'COMPLETED'),(21,1,2,'COMPLETED'),
(21,2,1,'COMPLETED'),(21,2,2,'COMPLETED'),
(21,3,1,'COMPLETED'),(21,3,2,'COMPLETED'),(21,3,0,'ONGOING');



insert into grades (enrollmentID, courCurID, midterm, final) VALUES
(1, 23, '1.25', '1.50'),
(1, 24, '1.25', '1.50'),
(1, 25, '1.25', '1.50'),
(1, 26, '1.25', '1.50'),
(1, 27, '1.25', '1.50'),
(1, 28, '1.25', '1.50'),
(1, 29, '1.25', '1.50'),
(1, 30, '1.25', '1.50'),
(1, 31, '1.25', '1.50'),

(2, 32, '1.25', '1.50'),
(2, 33, '1.25', '1.50'),
(2, 34, '1.25', '1.50'),
(2, 35, '1.25', '1.50'),
(2, 36, '1.25', '1.50'),
(2, 37, '1.25', '1.50'),
(2, 38, '1.25', '1.50'),
(2, 39, '1.25', '1.50'),
(2, 40, '1.25', '1.50'),
(2, 41, '1.25', '1.50'),

(3, 42, '1.25', '1.50'),
(3, 43, '1.25', '1.50'),
(3, 44, '1.25', '1.50'),
(3, 45, '1.25', '1.50'),
(3, 46, '1.25', '1.50'),
(3, 47, '1.25', '1.50'),
(3, 48, '1.25', '1.50'),
(3, 49, '1.25', '1.50'),
(3, 50, '1.25', '1.50'),

(4, 51, '1.25', '1.50'),
(4, 52, '1.25', '1.50'),
(4, 53, '1.25', '1.50'),
(4, 54, '1.25', '1.50'),
(4, 55, '1.25', '1.50'),
(4, 56, '1.25', '1.50'),
(4, 57, '1.25', '1.50'),
(4, 58, '1.25', '1.50'),
(4, 59, '1.25', '1.50'),

(5, 1, '1.25', '1.50'),
(5, 2, '1.25', '1.50'),
(5, 3, '1.25', '1.50'),
(5, 4, '1.25', '1.50'),
(5, 5, '1.25', '1.50'),
(5, 6, '1.25', '1.50'),
(5, 7, '1.25', '1.50'),
(5, 8, '1.25', '1.50'),
(6, 9, '1.25', '1.50'),
(6, 10, '1.25', '1.50'),
(6, 11, '1.25', '1.50'),
(6, 12, '1.25', '1.50'),
(6, 13, '1.25', '1.50'),
(6, 14, '1.25', '1.50'),
(6, 15, '1.25', '1.50'),
(6, 16, '1.25', '1.50'),
(7, 17, '', ''),
(7, 18, '', ''),

(17, 23, '1.25', '1.50'),
(17, 24, '1.25', '1.50'),
(17, 25, '1.25', '1.50'),
(17, 26, '1.25', '1.50'),
(17, 27, '1.25', '1.50'),
(17, 28, '1.25', '1.50'),
(17, 29, '1.25', '1.50'),
(17, 30, '1.25', '1.50'),
(17, 31, '1.25', '1.50'),

(18, 32, '1.25', '1.50'),
(18, 33, '1.25', '1.50'),
(18, 34, '1.25', '1.50'),
(18, 35, '1.25', '1.50'),
(18, 36, '1.25', '1.50'),
(18, 37, '1.25', '1.50'),
(18, 38, '1.25', '1.50'),
(18, 39, '1.25', '1.50'),
(18, 40, '1.25', '1.50'),
(18, 41, '1.25', '1.50'),

(19, 42, '1.25', '1.50'),
(19, 43, '1.25', '1.50'),
(19, 44, '1.25', '1.50'),
(19, 45, '1.25', '1.50'),
(19, 46, '1.25', '1.50'),
(19, 47, '1.25', '1.50'),
(19, 48, '1.25', '1.50'),
(19, 49, '1.25', '1.50'),
(19, 50, '1.25', '1.50'),

(20, 51, '', ''),
(20, 52, '', ''),
(20, 53, '', ''),
(20, 54, '', ''),
(20, 55, '', ''),
(20, 56, '', ''),
(20, 57, '', ''),
(20, 58, '', ''),
(20, 59, '', ''),

(21, 23, '1.25', '1.50'),
(21, 24, '1.25', '1.50'),
(21, 25, '1.25', '1.50'),
(21, 26, '1.25', '1.50'),
(21, 27, '1.25', '1.50'),
(21, 28, '1.25', '1.50'),
(21, 29, '1.25', '1.50'),
(21, 30, '1.25', '1.50'),
(21, 31, '1.25', '1.50'),

(22, 32, '1.25', '1.50'),
(22, 33, '1.25', '1.50'),
(22, 34, '1.25', '1.50'),
(22, 35, '1.25', '1.50'),
(22, 36, '1.25', '1.50'),
(22, 37, '1.25', '1.50'),
(22, 38, '1.25', '1.50'),
(22, 39, '1.25', '1.50'),
(22, 40, '1.25', '1.50'),
(22, 41, '1.25', '1.50'),

(23, 42, '1.25', '1.50'),
(23, 43, '1.25', '1.50'),
(23, 44, '1.25', '1.50'),
(23, 45, '1.25', '1.50'),
(23, 46, '1.25', '1.50'),
(23, 47, '1.25', '1.50'),
(23, 48, '1.25', '1.50'),
(23, 49, '1.25', '1.50'),
(23, 50, '1.25', '1.50'),

(24, 51, '', ''),
(24, 52, '', ''),
(24, 53, '', ''),
(24, 54, '', ''),
(24, 55, '', ''),
(24, 56, '', ''),
(24, 57, '', ''),
(24, 58, '', ''),
(24, 59, '', ''),

(25, 23, '1.25', '1.50'),
(25, 24, '1.25', '1.50'),
(25, 25, '1.25', '1.50'),
(25, 26, '1.25', '1.50'),
(25, 27, '1.25', '1.50'),
(25, 28, '1.25', '1.50'),
(25, 29, '1.25', '1.50'),
(25, 30, '1.25', '1.50'),
(25, 31, '1.25', '1.50'),

(26, 32, '1.25', '1.50'),
(26, 33, '1.25', '1.50'),
(26, 34, '1.25', '1.50'),
(26, 35, '1.25', '1.50'),
(26, 36, '1.25', '1.50'),
(26, 37, '1.25', '1.50'),
(26, 38, '1.25', '1.50'),
(26, 39, '1.25', '1.50'),
(26, 40, '1.25', '1.50'),
(26, 41, '1.25', '1.50'),

(27, 42, '1.25', '1.50'),
(27, 43, '1.25', '1.50'),
(27, 44, '1.25', '1.50'),
(27, 45, '1.25', '1.50'),
(27, 46, '1.25', '1.50'),
(27, 47, '1.25', '1.50'),
(27, 48, '1.25', '1.50'),
(27, 49, '1.25', '1.50'),
(27, 50, '1.25', '1.50'),

(28, 51, '', ''),
(28, 52, '', ''),
(28, 53, '', ''),
(28, 54, '', ''),
(28, 55, '', ''),
(28, 56, '', ''),
(28, 57, '', ''),
(28, 58, '', ''),
(28, 59, '', ''),

(29, 23, '1.25', '1.50'),
(29, 24, '1.25', '1.50'),
(29, 25, '1.25', '1.50'),
(29, 26, '1.25', '1.50'),
(29, 27, '1.25', '1.50'),
(29, 28, '1.25', '1.50'),
(29, 29, '1.25', '1.50'),
(29, 30, '1.25', '1.50'),
(29, 31, '1.25', '1.50'),

(30, 32, '1.25', '1.50'),
(30, 33, '1.25', '1.50'),
(30, 34, '1.25', '1.50'),
(30, 35, '1.25', '1.50'),
(30, 36, '1.25', '1.50'),
(30, 37, '1.25', '1.50'),
(30, 38, '1.25', '1.50'),
(30, 39, '1.25', '1.50'),
(30, 40, '1.25', '1.50'),
(30, 41, '1.25', '1.50'),

(31, 42, '1.25', '1.50'),
(31, 43, '1.25', '1.50'),
(31, 44, '1.25', '1.50'),
(31, 45, '1.25', '1.50'),
(31, 46, '1.25', '1.50'),
(31, 47, '1.25', '1.50'),
(31, 48, '1.25', '1.50'),
(31, 49, '1.25', '1.50'),
(31, 50, '1.25', '1.50'),

(32, 51, '1.25', '1.50'),
(32, 52, '1.25', '1.50'),
(32, 53, '1.25', '1.50'),
(32, 54, '1.25', '1.50'),
(32, 55, '1.25', '1.50'),
(32, 56, '1.25', '1.50'),
(32, 57, '1.25', '1.50'),
(32, 58, '1.25', '1.50'),
(32, 59, '1.25', '1.50'),

(33, 1, '1.25', '1.50'),
(33, 2, '1.25', '1.50'),
(33, 3, '1.25', '1.50'),
(33, 4, '1.25', '1.50'),
(33, 5, '1.25', '1.50'),
(33, 6, '1.25', '1.50'),
(33, 7, '1.25', '1.50'),
(33, 8, '1.25', '1.50'),

(34, 9, '1.25', '1.50'),
(34, 10, '1.25', '1.50'),
(34, 11, '1.25', '1.50'),
(34, 12, '1.25', '1.50'),
(34, 13, '1.25', '1.50'),
(34, 14, '1.25', '1.50'),
(34, 15, '1.25', '1.50'),
(34, 16, '1.25', '1.50'),

(35, 17, '', ''),
(35, 18, '', ''),

(36, 23, '1.25', '1.50'),
(36, 24, '1.25', '1.50'),
(36, 25, '1.25', '1.50'),
(36, 26, '1.25', '1.50'),
(36, 27, '1.25', '1.50'),
(36, 28, '1.25', '1.50'),
(36, 29, '1.25', '1.50'),
(36, 30, '1.25', '1.50'),
(36, 31, '1.25', '1.50'),

(37, 32, '1.25', '1.50'),
(37, 33, '1.25', '1.50'),
(37, 34, '1.25', '1.50'),
(37, 35, '1.25', '1.50'),
(37, 36, '1.25', '1.50'),
(37, 37, '1.25', '1.50'),
(37, 38, '1.25', '1.50'),
(37, 39, '1.25', '1.50'),
(37, 40, '1.25', '1.50'),
(37, 41, '1.25', '1.50'),

(38, 42, '1.25', '1.50'),
(38, 43, '1.25', '1.50'),
(38, 44, '1.25', '1.50'),
(38, 45, '1.25', '1.50'),
(38, 46, '1.25', '1.50'),
(38, 47, '1.25', '1.50'),
(38, 48, '1.25', '1.50'),
(38, 49, '1.25', '1.50'),
(38, 50, '1.25', '1.50'),

(39, 51, '1.25', '1.50'),
(39, 52, '1.25', '1.50'),
(39, 53, '1.25', '1.50'),
(39, 54, '1.25', '1.50'),
(39, 55, '1.25', '1.50'),
(39, 56, '1.25', '1.50'),
(39, 57, '1.25', '1.50'),
(39, 58, '1.25', '1.50'),
(39, 59, '1.25', '1.50'),

(40, 1, '1.25', '1.50'),
(40, 2, '1.25', '1.50'),
(40, 3, '1.25', '1.50'),
(40, 4, '1.25', '1.50'),
(40, 5, '1.25', '1.50'),
(40, 6, '1.25', '1.50'),
(40, 7, '1.25', '1.50'),
(40, 8, '1.25', '1.50'),

(41, 9, '1.25', '1.50'),
(41, 10, '1.25', '1.50'),
(41, 11, '1.25', '1.50'),
(41, 12, '1.25', '1.50'),
(41, 13, '1.25', '1.50'),
(41, 14, '1.25', '1.50'),
(41, 15, '1.25', '1.50'),
(41, 16, '1.25', '1.50'),

(42, 17, '', ''),
(42, 18, '', ''),

(43, 23, '1.25', '1.50'),
(43, 24, '1.25', '1.50'),
(43, 25, '1.25', '1.50'),
(43, 26, '1.25', '1.50'),
(43, 27, '1.25', '1.50'),
(43, 28, '1.25', '1.50'),
(43, 29, '1.25', '1.50'),
(43, 30, '1.25', '1.50'),
(43, 31, '1.25', '1.50'),

(44, 32, '1.25', '1.50'),
(44, 33, '1.25', '1.50'),
(44, 34, '1.25', '1.50'),
(44, 35, '1.25', '1.50'),
(44, 36, '1.25', '1.50'),
(44, 37, '1.25', '1.50'),
(44, 38, '1.25', '1.50'),
(44, 39, '1.25', '1.50'),
(44, 40, '1.25', '1.50'),
(44, 41, '1.25', '1.50'),

(45, 42, '1.25', '1.50'),
(45, 43, '1.25', '1.50'),
(45, 44, '1.25', '1.50'),
(45, 45, '1.25', '1.50'),
(45, 46, '1.25', '1.50'),
(45, 47, '1.25', '1.50'),
(45, 48, '1.25', '1.50'),
(45, 49, '1.25', '1.50'),
(45, 50, '1.25', '1.50'),

(46, 51, '1.25', '1.50'),
(46, 52, '1.25', '1.50'),
(46, 53, '1.25', '1.50'),
(46, 54, '1.25', '1.50'),
(46, 55, '1.25', '1.50'),
(46, 56, '1.25', '1.50'),
(46, 57, '1.25', '1.50'),
(46, 58, '1.25', '1.50'),
(46, 59, '1.25', '1.50'),

(47, 1, '1.25', '1.50'),
(47, 2, '1.25', '1.50'),
(47, 3, '1.25', '1.50'),
(47, 4, '1.25', '1.50'),
(47, 5, '1.25', '1.50'),
(47, 6, '1.25', '1.50'),
(47, 7, '1.25', '1.50'),
(47, 8, '1.25', '1.50'),

(48, 9, '1.25', '1.50'),
(48, 10, '1.25', '1.50'),
(48, 11, '1.25', '1.50'),
(48, 12, '1.25', '1.50'),
(48, 13, '1.25', '1.50'),
(48, 14, '1.25', '1.50'),
(48, 15, '1.25', '1.50'),
(48, 16, '1.25', '1.50'),

(49, 17, '', ''),
(49, 18, '', ''),

(50, 23, '1.25', '1.50'),
(50, 24, '1.25', '1.50'),
(50, 25, '1.25', '1.50'),
(50, 26, '1.25', '1.50'),
(50, 27, '1.25', '1.50'),
(50, 28, '1.25', '1.50'),
(50, 29, '1.25', '1.50'),
(50, 30, '1.25', '1.50'),
(50, 31, '1.25', '1.50'),

(51, 32, '1.25', '1.50'),
(51, 33, '1.25', '1.50'),
(51, 34, '1.25', '1.50'),
(51, 35, '1.25', '1.50'),
(51, 36, '1.25', '1.50'),
(51, 37, '1.25', '1.50'),
(51, 38, '1.25', '1.50'),
(51, 39, '1.25', '1.50'),
(51, 40, '1.25', '1.50'),
(51, 41, '1.25', '1.50'),

(52, 42, '1.25', '1.50'),
(52, 43, '1.25', '1.50'),
(52, 44, '1.25', '1.50'),
(52, 45, '1.25', '1.50'),
(52, 46, '1.25', '1.50'),
(52, 47, '1.25', '1.50'),
(52, 48, '1.25', '1.50'),
(52, 49, '1.25', '1.50'),
(52, 50, '1.25', '1.50'),

(53, 51, '', ''),
(53, 52, '', ''),
(53, 53, '', ''),
(53, 54, '', ''),
(53, 55, '', ''),
(53, 56, '', ''),
(53, 57, '', ''),
(53, 58, '', ''),
(53, 59, '', ''),

(54, 23, '1.25', '1.50'),
(54, 24, '1.25', '1.50'),
(54, 25, '1.25', '1.50'),
(54, 26, '1.25', '1.50'),
(54, 27, '1.25', '1.50'),
(54, 28, '1.25', '1.50'),
(54, 29, '1.25', '1.50'),
(54, 30, '1.25', '1.50'),
(54, 31, '1.25', '1.50'),

(55, 32, '1.25', '1.50'),
(55, 33, '1.25', '1.50'),
(55, 34, '1.25', '1.50'),
(55, 35, '1.25', '1.50'),
(55, 36, '1.25', '1.50'),
(55, 37, '1.25', '1.50'),
(55, 38, '1.25', '1.50'),
(55, 39, '1.25', '1.50'),
(55, 40, '1.25', '1.50'),
(55, 41, '1.25', '1.50'),

(56, 42, '1.25', '1.50'),
(56, 43, '1.25', '1.50'),
(56, 44, '1.25', '1.50'),
(56, 45, '1.25', '1.50'),
(56, 46, '1.25', '1.50'),
(56, 47, '1.25', '1.50'),
(56, 48, '1.25', '1.50'),
(56, 49, '1.25', '1.50'),
(56, 50, '1.25', '1.50'),

(57, 51, '', ''),
(57, 52, '', ''),
(57, 53, '', ''),
(57, 54, '', ''),
(57, 55, '', ''),
(57, 56, '', ''),
(57, 57, '', ''),
(57, 58, '', ''),
(57, 59, '', ''),


(8, 23, '1.25', '1.50'),
(8, 24, '1.25', '1.50'),
(8, 25, '1.25', '1.50'),
(8, 26, '1.25', '1.50'),
(8, 27, '1.25', '1.50'),
(8, 28, '1.25', '1.50'),
(8, 29, '1.25', '1.50'),
(8, 30, '1.25', '1.50'),
(8, 31, '1.25', '1.50'),

(9, 32, '1.25', '1.50'),
(9, 33, '1.25', '1.50'),
(9, 34, '1.25', '1.50'),
(9, 35, '1.25', '1.50'),
(9, 36, '1.25', '1.50'),
(9, 37, '1.25', '1.50'),
(9, 38, '1.25', '1.50'),
(9, 39, '1.25', '1.50'),
(9, 40, '1.25', '1.50'),
(9, 41, '1.25', '1.50'),

(10, 42, '1.25', '1.50'),
(10, 43, '1.25', '1.50'),
(10, 44, '1.25', '1.50'),
(10, 45, '1.25', '1.50'),
(10, 46, '1.25', '1.50'),
(10, 47, '1.25', '1.50'),
(10, 48, '1.25', '1.50'),
(10, 49, '1.25', '1.50'),
(10, 50, '1.25', '1.50'),

(11, 51, '1.25', '1.50'),
(11, 52, '1.25', '1.50'),
(11, 53, '1.25', '1.50'),
(11, 54, '1.25', '1.50'),
(11, 55, '1.25', '1.50'),
(11, 56, '1.25', '1.50'),
(11, 57, '1.25', '1.50'),
(11, 58, '1.25', '1.50'),
(11, 59, '1.25', '1.50'),

(12, 1, '1.25', '1.50'),
(12, 2, '1.25', '1.50'),
(12, 3, '1.25', '1.50'),
(12, 4, '1.25', '1.50'),
(12, 5, '1.25', '1.50'),
(12, 6, '1.25', '1.50'),
(12, 7, '1.25', '1.50'),
(12, 8, '1.25', '1.50'),

(13, 9, '1.25', '1.50'),
(13, 10, '1.25', '1.50'),
(13, 11, '1.25', '1.50'),
(13, 12, '1.25', '1.50'),
(13, 13, '1.25', '1.50'),
(13, 14, '1.25', '1.50'),
(13, 15, '1.25', '1.50'),
(13, 16, '1.25', '1.50'),

(14, 17, '1.00', '1.25'),
(14, 18, '2.00', '1.00'),

(15, 19, '1.25', '1.50'),
(15, 20, '1.25', '1.50'),
(15, 21, '1.25', '1.50'),
(15, 22, '1.25', '1.50'),

(16, 124, '', ''),
(16, 125, '', ''),


(58, 63, '1.25', '1.50'),
(58, 64, '1.25', '1.50'),
(58, 65, '1.25', '1.50'),
(58, 66, '1.25', '1.50'),
(58, 67, '1.25', '1.50'),
(58, 68, '1.25', '1.50'),
(58, 69, '1.25', '1.50'),
(58, 70, '1.25', '1.50'),
(58, 71, '1.25', '1.50'),

(59, 72, '1.25', '1.50'),
(59, 73, '1.25', '1.50'),
(59, 75, '1.25', '1.50'),
(59, 76, '1.25', '1.50'),
(59, 77, '1.25', '1.50'),
(59, 78, '1.25', '1.50'),
(59, 87, '1.00', '1.25'),
(59, 88, '2.00', '1.00'),
(59, 89, '1.25', '1.50'),

(60, 79, '1.25', '1.50'),
(60, 80, '1.25', '1.50'),
(60, 81, '1.25', '1.50'),
(60, 82, '1.25', '1.50'),
(60, 83, '1.25', '1.50'),
(60, 90, '1.25', '1.50'),
(60, 91, '1.25', '1.50'),
(60, 92, '1.25', '1.50'),
(60, 93, '1.25', '1.50'),

(61, 84, '1.25', '1.50'),
(61, 85, '1.25', '1.50'),
(61, 86, '1.25', '1.50'),
(61, 94, '1.25', '1.50'),
(61, 95, '1.25', '1.50'),
(61, 96, '1.25', '1.50'),
(61, 97, '1.25', '1.50'),
(61, 98, '1.25', '1.50'),

(62, 99, '1.25', '1.50'),
(62, 100, '1.25', '1.50'),
(62, 101, '1.25', '1.50'),
(62, 102, '1.25', '1.50'),
(62, 103, '1.25', '1.50'),
(62, 104, '1.25', '1.50'),
(62, 105, '1.25', '1.50'),
(62, 106, '1.25', '1.50'),
(62, 60, '1.25', '1.50'),

(63, 61, '1.25', '1.50'),
(63, 107, '1.25', '1.50'),
(63, 108, '1.25', '1.50'),
(63, 109, '1.25', '1.50'),
(63, 110, '1.25', '1.50'),
(63, 111, '1.25', '1.50'),
(63, 112, '1.25', '1.50'),
(63, 113, '1.25', '1.50'),

(64, 62, '1.25', '1.25'),
(64, 114, '1.25', '1.50'),

(65, 115, '1.25', '1.50'),
(65, 116, '1.25', '1.50'),
(65, 117, '1.25', '1.50'),
(65, 118, '1.25', '1.50'),
(65, 119, '1.25', '1.50'),
(65, 120, '1.25', '1.50'),
(65, 121, '1.25', '1.50'),

(66, 122, '1.25', '1.50'),
(66, 123, '1.25', '1.50'),

(67, 63, '1.25', '1.50'),
(67, 64, '1.25', '1.50'),
(67, 65, '1.25', '1.50'),
(67, 66, '1.25', '1.50'),
(67, 67, '1.25', '1.50'),
(67, 68, '1.25', '1.50'),
(67, 69, '1.25', '1.50'),
(67, 70, '1.25', '1.50'),
(67, 71, '1.25', '1.50'),

(68, 72, '1.25', '1.50'),
(68, 73, '1.25', '1.50'),
(68, 75, '1.25', '1.50'),
(68, 76, '1.25', '1.50'),
(68, 77, '1.25', '1.50'),
(68, 78, '1.25', '1.50'),
(68, 87, '1.00', '1.25'),
(68, 88, '2.00', '1.00'),
(68, 89, '1.25', '1.50'),

(69, 79, '1.25', '1.50'),
(69, 80, '1.25', '1.50'),
(69, 81, '1.25', '1.50'),
(69, 82, '1.25', '1.50'),
(69, 83, '1.25', '1.50'),
(69, 90, '1.25', '1.50'),
(69, 91, '1.25', '1.50'),
(69, 92, '1.25', '1.50'),
(69, 93, '1.25', '1.50'),

(70, 84, '1.25', '1.50'),
(70, 85, '1.25', '1.50'),
(70, 86, '1.25', '1.50'),
(70, 94, '1.25', '1.50'),
(70, 95, '1.25', '1.50'),
(70, 96, '1.25', '1.50'),
(70, 97, '1.25', '1.50'),
(70, 98, '1.25', '1.50'),

(71, 99, '1.25', '1.50'),
(71, 100, '1.25', '1.50'),
(71, 101, '1.25', '1.50'),
(71, 102, '1.25', '1.50'),
(71, 103, '1.25', '1.50'),
(71, 104, '1.25', '1.50'),
(71, 105, '1.25', '1.50'),
(71, 106, '1.25', '1.50'),
(71, 60, '1.25', '1.50'),

(72, 61, '1.25', '1.50'),
(72, 107, '1.25', '1.50'),
(72, 108, '1.25', '1.50'),
(72, 109, '1.25', '1.50'),
(72, 110, '1.25', '1.50'),
(72, 111, '1.25', '1.50'),
(72, 112, '1.25', '1.50'),
(72, 113, '1.25', '1.50'),

(73, 62, '1.25', '1.25'),
(73, 114, '1.25', '1.50'),

(74, 115, '1.25', '1.50'),
(74, 116, '1.25', '1.50'),
(74, 117, '1.25', '1.50'),
(74, 118, '1.25', '1.50'),
(74, 119, '1.25', '1.50'),
(74, 120, '1.25', '1.50'),
(74, 121, '1.25', '1.50'),

(75, 122, '1.25', '1.50'),
(75, 123, '1.25', '1.50'),


(76, 63, '1.25', '1.50'),
(76, 64, '1.25', '1.50'),
(76, 65, '1.25', '1.50'),
(76, 66, '1.25', '1.50'),
(76, 67, '1.25', '1.50'),
(76, 68, '1.25', '1.50'),
(76, 69, '1.25', '1.50'),
(76, 70, '1.25', '1.50'),
(76, 71, '1.25', '1.50'),

(77, 72, '1.25', '1.50'),
(77, 73, '1.25', '1.50'),
(77, 75, '1.25', '1.50'),
(77, 76, '1.25', '1.50'),
(77, 77, '1.25', '1.50'),
(77, 78, '1.25', '1.50'),
(77, 87, '1.00', '1.25'),
(77, 88, '2.00', '1.00'),
(77, 89, '1.25', '1.50'),

(78, 79, '1.25', '1.50'),
(78, 80, '1.25', '1.50'),
(78, 81, '1.25', '1.50'),
(78, 82, '1.25', '1.50'),
(78, 83, '1.25', '1.50'),
(78, 90, '1.25', '1.50'),
(78, 91, '1.25', '1.50'),
(78, 92, '1.25', '1.50'),
(78, 93, '1.25', '1.50'),

(79, 84, '1.25', '1.50'),
(79, 85, '1.25', '1.50'),
(79, 86, '1.25', '1.50'),
(79, 94, '1.25', '1.50'),
(79, 95, '1.25', '1.50'),
(79, 96, '1.25', '1.50'),
(79, 97, '1.25', '1.50'),
(79, 98, '1.25', '1.50'),

(80, 99, '1.25', '1.50'),
(80, 100, '1.25', '1.50'),
(80, 101, '1.25', '1.50'),
(80, 102, '1.25', '1.50'),
(80, 103, '1.25', '1.50'),
(80, 104, '1.25', '1.50'),
(80, 105, '1.25', '1.50'),
(80, 106, '1.25', '1.50'),
(80, 60, '1.25', '1.50'),

(81, 61, '1.25', '1.50'),
(81, 107, '1.25', '1.50'),
(81, 108, '1.25', '1.50'),
(81, 109, '1.25', '1.50'),
(81, 110, '1.25', '1.50'),
(81, 111, '1.25', '1.50'),
(81, 112, '1.25', '1.50'),
(81, 113, '1.25', '1.50'),

(82, 62, '1.25', '1.25'),
(82, 114, '1.25', '1.50'),

(83, 115, '1.25', '1.50'),
(83, 116, '1.25', '1.50'),
(83, 117, '1.25', '1.50'),
(83, 118, '1.25', '1.50'),
(83, 119, '1.25', '1.50'),
(83, 120, '1.25', '1.50'),
(83, 121, '1.25', '1.50'),

(84, 122, '1.25', '1.50'),
(84, 123, '1.25', '1.50'),


(85, 63, '1.25', '1.50'),
(85, 64, '1.25', '1.50'),
(85, 65, '1.25', '1.50'),
(85, 66, '1.25', '1.50'),
(85, 67, '1.25', '1.50'),
(85, 68, '1.25', '1.50'),
(85, 69, '1.25', '1.50'),
(85, 70, '1.25', '1.50'),
(85, 71, '1.25', '1.50'),

(86, 72, '1.25', '1.50'),
(86, 73, '1.25', '1.50'),
(86, 75, '1.25', '1.50'),
(86, 76, '1.25', '1.50'),
(86, 77, '1.25', '1.50'),
(86, 78, '1.25', '1.50'),
(86, 87, '1.00', '1.25'),
(86, 88, '2.00', '1.00'),
(86, 89, '1.25', '1.50'),

(87, 79, '1.25', '1.50'),
(87, 80, '1.25', '1.50'),
(87, 81, '1.25', '1.50'),
(87, 82, '1.25', '1.50'),
(87, 83, '1.25', '1.50'),
(87, 90, '1.25', '1.50'),
(87, 91, '1.25', '1.50'),
(87, 92, '1.25', '1.50'),
(87, 93, '1.25', '1.50'),

(88, 84, '1.25', '1.50'),
(88, 85, '1.25', '1.50'),
(88, 86, '1.25', '1.50'),
(88, 94, '1.25', '1.50'),
(88, 95, '1.25', '1.50'),
(88, 96, '1.25', '1.50'),
(88, 97, '1.25', '1.50'),
(88, 98, '1.25', '1.50'),

(89, 99, '1.25', '1.50'),
(89, 100, '1.25', '1.50'),
(89, 101, '1.25', '1.50'),
(89, 102, '1.25', '1.50'),
(89, 103, '1.25', '1.50'),
(89, 104, '1.25', '1.50'),
(89, 105, '1.25', '1.50'),
(89, 106, '1.25', '1.50'),
(89, 60, '1.25', '1.50'),

(90, 61, '1.25', '1.50'),
(90, 107, '1.25', '1.50'),
(90, 108, '1.25', '1.50'),
(90, 109, '1.25', '1.50'),
(90, 110, '1.25', '1.50'),
(90, 111, '1.25', '1.50'),
(90, 112, '1.25', '1.50'),
(90, 113, '1.25', '1.50'),

(91, 62, '1.25', '1.25'),
(91, 114, '1.25', '1.50'),

(92, 115, '1.25', '1.50'),
(92, 116, '1.25', '1.50'),
(92, 117, '1.25', '1.50'),
(92, 118, '1.25', '1.50'),
(92, 119, '1.25', '1.50'),
(92, 120, '1.25', '1.50'),
(92, 121, '1.25', '1.50'),

(93, 122, '1.25', '1.50'),
(93, 123, '1.25', '1.50'),


(94, 63, '1.25', '1.50'),
(94, 64, '1.25', '1.50'),
(94, 65, '1.25', '1.50'),
(94, 66, '1.25', '1.50'),
(94, 67, '1.25', '1.50'),
(94, 68, '1.25', '1.50'),
(94, 69, '1.25', '1.50'),
(94, 70, '1.25', '1.50'),
(94, 71, '1.25', '1.50'),

(95, 72, '1.25', '1.50'),
(95, 73, '1.25', '1.50'),
(95, 75, '1.25', '1.50'),
(95, 76, '1.25', '1.50'),
(95, 77, '1.25', '1.50'),
(95, 78, '1.25', '1.50'),
(95, 87, '1.00', '1.25'),
(95, 88, '2.00', '1.00'),
(95, 89, '1.25', '1.50'),

(96, 79, '1.25', '1.50'),
(96, 80, '1.25', '1.50'),
(96, 81, '1.25', '1.50'),
(96, 82, '1.25', '1.50'),
(96, 83, '1.25', '1.50'),
(96, 90, '1.25', '1.50'),
(96, 91, '1.25', '1.50'),
(96, 92, '1.25', '1.50'),
(96, 93, '1.25', '1.50'),

(97, 84, '1.25', '1.50'),
(97, 85, '1.25', '1.50'),
(97, 86, '1.25', '1.50'),
(97, 94, '1.25', '1.50'),
(97, 95, '1.25', '1.50'),
(97, 96, '1.25', '1.50'),
(97, 97, '1.25', '1.50'),
(97, 98, '1.25', '1.50'),

(98, 99, '1.25', '1.50'),
(98, 100, '1.25', '1.50'),
(98, 101, '1.25', '1.50'),
(98, 102, '1.25', '1.50'),
(98, 103, '1.25', '1.50'),
(98, 104, '1.25', '1.50'),
(98, 105, '1.25', '1.50'),
(98, 106, '1.25', '1.50'),
(98, 60, '1.25', '1.50'),

(99, 61, '1.25', '1.50'),
(99, 107, '1.25', '1.50'),
(99, 108, '1.25', '1.50'),
(99, 109, '1.25', '1.50'),
(99, 110, '1.25', '1.50'),
(99, 111, '1.25', '1.50'),
(99, 112, '1.25', '1.50'),
(99, 113, '1.25', '1.50'),

(100, 62, '1.25', '1.25'),
(100, 114, '1.25', '1.50'),

(101, 115, '1.25', '1.50'),
(101, 116, '1.25', '1.50'),
(101, 117, '1.25', '1.50'),
(101, 118, '1.25', '1.50'),
(101, 119, '1.25', '1.50'),
(101, 120, '1.25', '1.50'),
(101, 121, '1.25', '1.50'),

(102, 122, '1.25', '1.50'),
(102, 123, '1.25', '1.50'),


(103, 63, '1.25', '1.50'),
(103, 64, '1.25', '1.50'),
(103, 65, '1.25', '1.50'),
(103, 66, '1.25', '1.50'),
(103, 67, '1.25', '1.50'),
(103, 68, '1.25', '1.50'),
(103, 69, '1.25', '1.50'),
(103, 70, '1.25', '1.50'),
(103, 71, '1.25', '1.50'),

(104, 72, '1.25', '1.50'),
(104, 73, '1.25', '1.50'),
(104, 75, '1.25', '1.50'),
(104, 76, '1.25', '1.50'),
(104, 77, '1.25', '1.50'),
(104, 78, '1.25', '1.50'),
(104, 87, '1.00', '1.25'),
(104, 88, '2.00', '1.00'),
(104, 89, '1.25', '1.50'),

(105, 79, '1.25', '1.50'),
(105, 80, '1.25', '1.50'),
(105, 81, '1.25', '1.50'),
(105, 82, '1.25', '1.50'),
(105, 83, '1.25', '1.50'),
(105, 90, '1.25', '1.50'),
(105, 91, '1.25', '1.50'),
(105, 92, '1.25', '1.50'),
(105, 93, '1.25', '1.50'),

(106, 84, '1.25', '1.50'),
(106, 85, '1.25', '1.50'),
(106, 86, '1.25', '1.50'),
(106, 94, '1.25', '1.50'),
(106, 95, '1.25', '1.50'),
(106, 96, '1.25', '1.50'),
(106, 97, '1.25', '1.50'),
(106, 98, '1.25', '1.50'),

(107, 99, '1.25', '1.50'),
(107, 100, '1.25', '1.50'),
(107, 101, '1.25', '1.50'),
(107, 102, '1.25', '1.50'),
(107, 103, '1.25', '1.50'),
(107, 104, '1.25', '1.50'),
(107, 105, '1.25', '1.50'),
(107, 106, '1.25', '1.50'),
(107, 60, '1.25', '1.50'),

(108, 61, '1.25', '1.50'),
(108, 107, '1.25', '1.50'),
(108, 108, '1.25', '1.50'),
(108, 109, '1.25', '1.50'),
(108, 110, '1.25', '1.50'),
(108, 111, '1.25', '1.50'),
(108, 112, '1.25', '1.50'),
(108, 113, '1.25', '1.50'),

(109, 62, '1.25', '1.25'),
(109, 114, '1.25', '1.50'),

(110, 115, '1.25', '1.50'),
(110, 116, '1.25', '1.50'),
(110, 117, '1.25', '1.50'),
(110, 118, '1.25', '1.50'),
(110, 119, '1.25', '1.50'),
(110, 120, '1.25', '1.50'),
(110, 121, '1.25', '1.50'),

(111, 122, '1.25', '1.50'),
(111, 123, '1.25', '1.50'),


(112, 63, '1.25', '1.50'),
(112, 64, '1.25', '1.50'),
(112, 65, '1.25', '1.50'),
(112, 66, '1.25', '1.50'),
(112, 67, '1.25', '1.50'),
(112, 68, '1.25', '1.50'),
(112, 69, '1.25', '1.50'),
(112, 70, '1.25', '1.50'),
(112, 71, '1.25', '1.50'),

(113, 72, '1.25', '1.50'),
(113, 73, '1.25', '1.50'),
(113, 75, '1.25', '1.50'),
(113, 76, '1.25', '1.50'),
(113, 77, '1.25', '1.50'),
(113, 78, '1.25', '1.50'),
(113, 87, '1.00', '1.25'),
(113, 88, '2.00', '1.00'),
(113, 89, '1.25', '1.50'),

(114, 79, '1.25', '1.50'),
(114, 80, '1.25', '1.50'),
(114, 81, '1.25', '1.50'),
(114, 82, '1.25', '1.50'),
(114, 83, '1.25', '1.50'),
(114, 90, '1.25', '1.50'),
(114, 91, '1.25', '1.50'),
(114, 92, '1.25', '1.50'),
(114, 93, '1.25', '1.50'),

(115, 84, '1.25', '1.50'),
(115, 85, '1.25', '1.50'),
(115, 86, '1.25', '1.50'),
(115, 94, '1.25', '1.50'),
(115, 95, '1.25', '1.50'),
(115, 96, '1.25', '1.50'),
(115, 97, '1.25', '1.50'),
(115, 98, '1.25', '1.50'),

(116, 99, '1.25', '1.50'),
(116, 100, '1.25', '1.50'),
(116, 101, '1.25', '1.50'),
(116, 102, '1.25', '1.50'),
(116, 103, '1.25', '1.50'),
(116, 104, '1.25', '1.50'),
(116, 105, '1.25', '1.50'),
(116, 106, '1.25', '1.50'),
(116, 60, '1.25', '1.50'),

(117, 61, '1.25', '1.50'),
(117, 107, '1.25', '1.50'),
(117, 108, '1.25', '1.50'),
(117, 109, '1.25', '1.50'),
(117, 110, '1.25', '1.50'),
(117, 111, '1.25', '1.50'),
(117, 112, '1.25', '1.50'),
(117, 113, '1.25', '1.50'),

(118, 62, '1.25', '1.25'),
(118, 114, '1.25', '1.50'),

(119, 115, '1.25', '1.50'),
(119, 116, '1.25', '1.50'),
(119, 117, '1.25', '1.50'),
(119, 118, '1.25', '1.50'),
(119, 119, '1.25', '1.50'),
(119, 120, '1.25', '1.50'),
(119, 121, '1.25', '1.50'),

(120, 122, '1.25', '1.50'),
(120, 123, '1.25', '1.50'),


(121, 63, '1.25', '1.50'),
(121, 64, '1.25', '1.50'),
(121, 65, '1.25', '1.50'),
(121, 66, '1.25', '1.50'),
(121, 67, '1.25', '1.50'),
(121, 68, '1.25', '1.50'),
(121, 69, '1.25', '1.50'),
(121, 70, '1.25', '1.50'),
(121, 71, '1.25', '1.50'),

(122, 72, '1.25', '1.50'),
(122, 73, '1.25', '1.50'),
(122, 75, '1.25', '1.50'),
(122, 76, '1.25', '1.50'),
(122, 77, '1.25', '1.50'),
(122, 78, '1.25', '1.50'),
(122, 87, '1.00', '1.25'),
(122, 88, '2.00', '1.00'),
(122, 89, '1.25', '1.50'),

(123, 79, '1.25', '1.50'),
(123, 80, '1.25', '1.50'),
(123, 81, '1.25', '1.50'),
(123, 82, '1.25', '1.50'),
(123, 83, '1.25', '1.50'),
(123, 90, '1.25', '1.50'),
(123, 91, '1.25', '1.50'),
(123, 92, '1.25', '1.50'),
(123, 93, '1.25', '1.50'),

(124, 84, '1.25', '1.50'),
(124, 85, '1.25', '1.50'),
(124, 86, '1.25', '1.50'),
(124, 94, '1.25', '1.50'),
(124, 95, '1.25', '1.50'),
(124, 96, '1.25', '1.50'),
(124, 97, '1.25', '1.50'),
(124, 98, '1.25', '1.50'),

(125, 99, '1.25', '1.50'),
(125, 100, '1.25', '1.50'),
(125, 101, '1.25', '1.50'),
(125, 102, '1.25', '1.50'),
(125, 103, '1.25', '1.50'),
(125, 104, '1.25', '1.50'),
(125, 105, '1.25', '1.50'),
(125, 106, '1.25', '1.50'),
(125, 60, '1.25', '1.50'),

(126, 61, '1.25', '1.50'),
(126, 107, '1.25', '1.50'),
(126, 108, '1.25', '1.50'),
(126, 109, '1.25', '1.50'),
(126, 110, '1.25', '1.50'),
(126, 111, '1.25', '1.50'),
(126, 112, '1.25', '1.50'),
(126, 113, '1.25', '1.50'),

(127, 62, '1.25', '1.25'),
(127, 114, '1.25', '1.50'),

(128, 115, '1.25', '1.50'),
(128, 116, '1.25', '1.50'),
(128, 117, '1.25', '1.50'),
(128, 118, '1.25', '1.50'),
(128, 119, '1.25', '1.50'),
(128, 120, '1.25', '1.50'),
(128, 121, '1.25', '1.50'),

(129, 122, '1.25', '1.50'),
(129, 123, '1.25', '1.50'),


(130, 63, '1.25', '1.50'),
(130, 64, '1.25', '1.50'),
(130, 65, '1.25', '1.50'),
(130, 66, '1.25', '1.50'),
(130, 67, '1.25', '1.50'),
(130, 68, '1.25', '1.50'),
(130, 69, '1.25', '1.50'),
(130, 70, '1.25', '1.50'),
(130, 71, '1.25', '1.50'),

(131, 72, '1.25', '1.50'),
(131, 73, '1.25', '1.50'),
(131, 75, '1.25', '1.50'),
(131, 76, '1.25', '1.50'),
(131, 77, '1.25', '1.50'),
(131, 78, '1.25', '1.50'),
(131, 87, '1.00', '1.25'),
(131, 88, '2.00', '1.00'),
(131, 89, '1.25', '1.50'),

(132, 79, '1.25', '1.50'),
(132, 80, '1.25', '1.50'),
(132, 81, '1.25', '1.50'),
(132, 82, '1.25', '1.50'),
(132, 83, '1.25', '1.50'),
(132, 90, '1.25', '1.50'),
(132, 91, '1.25', '1.50'),
(132, 92, '1.25', '1.50'),
(132, 93, '1.25', '1.50'),

(133, 84, '1.25', '1.50'),
(133, 85, '1.25', '1.50'),
(133, 86, '1.25', '1.50'),
(133, 94, '1.25', '1.50'),
(133, 95, '1.25', '1.50'),
(133, 96, '1.25', '1.50'),
(133, 97, '1.25', '1.50'),
(133, 98, '1.25', '1.50'),

(134, 99, '1.25', '1.50'),
(134, 100, '1.25', '1.50'),
(134, 101, '1.25', '1.50'),
(134, 102, '1.25', '1.50'),
(134, 103, '1.25', '1.50'),
(134, 104, '1.25', '1.50'),
(134, 105, '1.25', '1.50'),
(134, 106, '1.25', '1.50'),
(134, 60, '1.25', '1.50'),

(135, 61, '1.25', '1.50'),
(135, 107, '1.25', '1.50'),
(135, 108, '1.25', '1.50'),
(135, 109, '1.25', '1.50'),
(135, 110, '1.25', '1.50'),
(135, 111, '1.25', '1.50'),
(135, 112, '1.25', '1.50'),
(135, 113, '1.25', '1.50'),

(136, 62, '1.25', '1.25'),
(136, 114, '1.25', '1.50'),

(137, 115, '1.25', '1.50'),
(137, 116, '1.25', '1.50'),
(137, 117, '1.25', '1.50'),
(137, 118, '1.25', '1.50'),
(137, 119, '1.25', '1.50'),
(137, 120, '1.25', '1.50'),
(137, 121, '1.25', '1.50'),

(138, 122, '1.25', '1.50'),
(138, 123, '1.25', '1.50'),


(139, 63, '1.25', '1.50'),
(139, 64, '1.25', '1.50'),
(139, 65, '1.25', '1.50'),
(139, 66, '1.25', '1.50'),
(139, 67, '1.25', '1.50'),
(139, 68, '1.25', '1.50'),
(139, 69, '1.25', '1.50'),
(139, 70, '1.25', '1.50'),
(139, 71, '1.25', '1.50'),

(140, 72, '1.25', '1.50'),
(140, 73, '1.25', '1.50'),
(140, 75, '1.25', '1.50'),
(140, 76, '1.25', '1.50'),
(140, 77, '1.25', '1.50'),
(140, 78, '1.25', '1.50'),
(140, 87, '1.00', '1.25'),
(140, 88, '2.00', '1.00'),
(140, 89, '1.25', '1.50'),

(141, 79, '1.25', '1.50'),
(141, 80, '1.25', '1.50'),
(141, 81, '1.25', '1.50'),
(141, 82, '1.25', '1.50'),
(141, 83, '1.25', '1.50'),
(141, 90, '1.25', '1.50'),
(141, 91, '1.25', '1.50'),
(141, 92, '1.25', '1.50'),
(141, 93, '1.25', '1.50'),

(142, 84, '1.25', '1.50'),
(142, 85, '1.25', '1.50'),
(142, 86, '1.25', '1.50'),
(142, 94, '1.25', '1.50'),
(142, 95, '1.25', '1.50'),
(142, 96, '1.25', '1.50'),
(142, 97, '1.25', '1.50'),
(142, 98, '1.25', '1.50'),

(143, 99, '1.25', '1.50'),
(143, 100, '1.25', '1.50'),
(143, 101, '1.25', '1.50'),
(143, 102, '1.25', '1.50'),
(143, 103, '1.25', '1.50'),
(143, 104, '1.25', '1.50'),
(143, 105, '1.25', '1.50'),
(143, 106, '1.25', '1.50'),
(143, 60, '1.25', '1.50'),

(144, 61, '1.25', '1.50'),
(144, 107, '1.25', '1.50'),
(144, 108, '1.25', '1.50'),
(144, 109, '1.25', '1.50'),
(144, 110, '1.25', '1.50'),
(144, 111, '1.25', '1.50'),
(144, 112, '1.25', '1.50'),
(144, 113, '1.25', '1.50'),

(145, 62, '1.25', '1.25'),
(145, 114, '1.25', '1.50'),

(146, 115, '1.25', '1.50'),
(146, 116, '1.25', '1.50'),
(146, 117, '1.25', '1.50'),
(146, 118, '1.25', '1.50'),
(146, 119, '1.25', '1.50'),
(146, 120, '1.25', '1.50'),
(146, 121, '1.25', '1.50'),

(147, 122, '1.25', '1.50'),
(147, 123, '1.25', '1.50'),


(148, 23, '1.25', '1.50'),
(148, 24, '1.25', '1.50'),
(148, 25, '1.25', '1.50'),
(148, 26, '1.25', '1.50'),
(148, 27, '1.25', '1.50'),
(148, 28, '1.25', '1.50'),
(148, 29, '1.25', '1.50'),
(148, 30, '1.25', '1.50'),
(148, 31, '1.25', '1.50'),

(149, 32, '1.25', '1.50'),
(149, 33, '1.25', '1.50'),
(149, 34, '1.25', '1.50'),
(149, 35, '1.25', '1.50'),
(149, 36, '1.25', '1.50'),
(149, 37, '1.25', '1.50'),
(149, 38, '1.25', '1.50'),
(149, 39, '1.25', '1.50'),
(149, 40, '1.25', '1.50'),
(149, 41, '1.25', '1.50'),

(150, 42, '1.25', '1.50'),
(150, 43, '1.25', '1.50'),
(150, 44, '1.25', '1.50'),
(150, 45, '1.25', '1.50'),
(150, 46, '1.25', '1.50'),
(150, 47, '1.25', '1.50'),
(150, 48, '1.25', '1.50'),
(150, 49, '1.25', '1.50'),
(150, 50, '1.25', '1.50'),

(151, 51, '1.25', '1.50'),
(151, 52, '1.25', '1.50'),
(151, 53, '1.25', '1.50'),
(151, 54, '1.25', '1.50'),
(151, 55, '1.25', '1.50'),
(151, 56, '1.25', '1.50'),
(151, 57, '1.25', '1.50'),
(151, 58, '1.25', '1.50'),
(151, 59, '1.25', '1.50'),

(152, 1, '1.25', '1.50'),
(152, 2, '1.25', '1.50'),
(152, 3, '1.25', '1.50'),
(152, 4, '1.25', '1.50'),
(152, 5, '1.25', '1.50'),
(152, 6, '1.25', '1.50'),
(152, 7, '1.25', '1.50'),
(152, 8, '1.25', '1.50'),

(153, 9, '1.25', '1.50'),
(153, 10, '1.25', '1.50'),
(153, 11, '1.25', '1.50'),
(153, 12, '1.25', '1.50'),
(153, 13, '1.25', '1.50'),
(153, 14, '1.25', '1.50'),
(153, 15, '1.25', '1.50'),
(153, 16, '1.25', '1.50'),

(154, 17, '', ''),
(154, 18, '', '');

insert into schedule (courCurID, acadYearID, semester, day, start_time, end_time, room, section) VALUES
(23, 1, 1, 'FRI', '10:30', '12:00', 409, 'S'),
(24, 1, 1, 'FRI', '9:00', '10:30', 409, 'S'),
(25, 1, 1, 'THU', '1:00', '2:30', 322, 'T'),
(26, 1, 1, 'THU', '7:00', '8:30', 320, 'T'),
(27, 1, 1, 'THU', '4:00', '5:30', 210, 'T'),
(28, 1, 1, 'FRI', '4:00', '5:30', 321, 'T'),
(29, 1, 1, 'FRI', '2:30', '4:00', 321, 'T'),
(30, 1, 1, 'WED', '10:30', '12:00', 'FIELD 1', 'T'),
(31, 1, 1, 'SAT', '8:00', '11:00', 210, 'T'),
(32, 1, 2, 'MON', '11:30', '12:30', 407, 'S'),
(32, 1, 2, 'WED', '11:30', '12:30', 407, 'S'),
(33, 1, 2, 'MON', '1:00', '2:00', 408, 'S'),
(33, 1, 2, 'WED', '1:00', '2:00', 408, 'S'),
(34, 1, 2, 'MON', '2:00', '3:00', 422, 'S'),
(34, 1, 2, 'WED', '2:00', '3:00', 422, 'S'),
(35, 1, 2, 'TUE', '1:00', '2:00', 322, 'V'),
(35, 1, 2, 'THU', '1:00', '2:00', 322, 'V'),
(36, 1, 2, 'TUE', '9:30', '10:30', 322, 'V'),
(36, 1, 2, 'THU', '9:30', '10:30', 322, 'V'),
(37, 1, 2, 'TUE', '10:30', '11:30', 322, 'V'),
(37, 1, 2, 'THU', '10:30', '11:30', 322, 'V'),
(38, 1, 2, 'TUE', '2:00', '3:00', 317, 'V'),
(38, 1, 2, 'THU', '2:00', '3:00', 317, 'V'),
(39, 1, 2, 'MON', '3:00', '4:00', 413, 'V'),
(39, 1, 2, 'WED', '3:00', '4:30', 413, 'V'),
(40, 1, 2, 'MON', '8:30', '9:30', 'PE SHED 5', 'V'),
(40, 1, 2, 'WED', '8:30', '9:30', 'PE SHED 5', 'V'),
(41, 1, 2, 'SAT', '8:00', '11:00', 210, 'V');

insert into student_schedule (enrollmentID, schedID) VALUES
(1, 1),
(1, 2),
(1, 3),
(1, 4),
(1, 5),
(1, 6),
(1, 7),
(1, 8),
(1, 9),
(2, 10),
(2, 11),
(2, 12),
(2, 13),
(2, 14),
(2, 15),
(2, 16),
(2, 17),
(2, 18),
(2, 19),
(2, 20),
(2, 21),
(2, 22),
(2, 23),
(2, 24),
(2, 25),
(2, 26),
(2, 27),
(2, 28),
(148, 1),
(148, 2),
(148, 3),
(148, 4),
(148, 5),
(148, 6),
(148, 7),
(148, 8),
(148, 9);

insert into subject_fees (courCurID, acadYearID, semester, price) VALUES
(23, 1, 1, '1500.00'),
(24, 1, 1, '1500.00'),
(25, 1, 1, '1500.00'),
(26, 1, 1, '1500.00'),
(27, 1, 1, '1500.00'),
(28, 1, 1, '1500.00'),
(29, 1, 1, '1500.00'),
(30, 1, 1, '1000.00'),
(31, 1, 1, '200.00'),
(32, 1, 2, '1500.00'),
(33, 1, 2, '1500.00'),
(34, 1, 2, '1500.00'),
(35, 1, 2, '1500.00'),
(36, 1, 2, '1500.00'),
(37, 1, 2, '1500.00'),
(38, 1, 2, '1500.00'),
(39, 1, 2, '1500.00'),
(40, 1, 2, '1000.00'),
(41, 1, 2, '200.00');

insert into student_assessment(enrollmentID, totalAmount, assessedDate) VALUES
(1, 11700, '2020-08-01'),
(2, 13200, '2021-01-15');

insert into payments (enrollmentID, paymentDate, amountPaid) VALUES
(1, '2020-08-15', 7500),
(1, '2020-11-21', 5000),
(2, '2021-01-30', 8200),
(2, '2021-03-10', 1000),
(2, '2021-04-25', 4000);

insert into curriculum (subjectCode, semester, yearlevel, subdescription, units) VALUES
('CS101', 1, 1, 'Introduction to Computer Science', 3),
('MATH101', 1, 1, 'Calculus I', 4),
('ENG101', 1, 1, 'English Composition', 3),
('HIST101', 1, 1, 'World History', 3),
('PHYS101', 1, 1, 'General Physics I', 4),
('CS102', 2, 1, 'Data Structures and Algorithms', 3),
('MATH102', 2, 1, 'Calculus II', 4),
('ENG102', 2, 1, 'Technical Writing', 3),
('HIST102', 2, 1, 'Modern History', 3),
('PHYS102', 2, 1, 'General Physics II', 4);

insert into course_curriculum (courseID, curID, acadYearID, revision) VALUES
(1, 99, 7, 2),
(1, 100, 7, 2),
(1, 101, 7, 2),
(1, 102, 7, 2),
(1, 103, 7, 2),
(1, 104, 7, 2),
(1, 105, 7, 2),
(1, 106, 7, 2),
(1, 107, 7, 2),
(1, 108, 7, 2);

insert into curriculum (subjectCode, semester, yearlevel, subdescription, units) VALUES
('CS201', 1, 2, 'Object-Oriented Programming', 3),
('MATH201', 1, 2, 'Linear Algebra', 4),
('ENG201', 1, 2, 'Advanced English Composition', 3),
('HIST201', 1, 2, 'History of Science and Technology', 3),
('PHYS201', 1, 2, 'Modern Physics', 4),
('CS202', 2, 2, 'Operating Systems', 3),
('MATH202', 2, 2, 'Discrete Mathematics', 4),
('ENG202', 2, 2, 'Public Speaking', 3),
('HIST202', 2, 2, 'History of Computing', 3),
('PHYS202', 2, 2, 'Quantum Mechanics', 4),
('CS301', 1, 3, 'Database Systems', 3),
('MATH301', 1, 3, 'Probability and Statistics', 4),
('ENG301', 1, 3, 'Research Writing', 3),
('HIST301', 1, 3, 'History of the Internet', 3),
('PHYS301', 1, 3, 'Thermodynamics', 4),
('CS302', 2, 3, 'Software Engineering', 3),
('MATH302', 2, 3, 'Numerical Methods', 4),
('ENG302', 2, 3, 'Technical Communication', 3),
('HIST302', 2, 3, 'History of Artificial Intelligence', 3),
('PHYS302', 2, 3, 'Electromagnetism', 4),
('CS401', 1, 4, 'Capstone Project I', 3),
('MATH401', 1, 4, 'Advanced Topics in Mathematics', 4),
('ENG401', 1, 4, 'Thesis Writing', 3),
('HIST401', 1, 4, 'History of Computer Science Research', 3),
('PHYS401', 1, 4, 'Advanced Physics Laboratory', 4),
('CS402', 2, 4, 'Capstone Project II', 3),
('MATH402', 2, 4, 'Mathematical Modeling', 4),
('ENG402', 2, 4, 'Professional Communication', 3),
('HIST402', 2, 4, 'History of Computing Ethics', 3),
('PHYS402', 2, 4, 'Computational Physics', 4);

insert into course_curriculum (courseID, curID, acadYearID, revision) VALUES
(1, 109, 7, 2),
(1, 110, 7, 2),
(1, 111, 7, 2),
(1, 112, 7, 2),
(1, 113, 7, 2),
(1, 114, 7, 2),
(1, 115, 7, 2),
(1, 116, 7, 2),
(1, 117, 7, 2),
(1, 118, 7, 2),
(1, 119, 7, 2),
(1, 120, 7, 2),
(1, 121, 7, 2),
(1, 122, 7, 2),
(1, 123, 7, 2),
(1, 124, 7, 2),
(1, 125, 7, 2),
(1, 126, 7, 2),
(1, 127, 7, 2),
(1, 128, 7, 2),
(1, 129, 7, 2),
(1, 130, 7, 2),
(1, 131, 7, 2),
(1, 132, 7, 2),
(1, 133, 7, 2),
(1, 134, 7, 2),
(1, 135, 7, 2),
(1, 136, 7, 2),
(1, 137, 7, 2),
(1, 138, 7, 2);

insert into subject_fees (courCurID, acadYearID, semester, price) VALUES
(126, 7, 1, '1500.00'),
(127, 7, 1, '1500.00'),
(128, 7, 1, '1500.00'),
(129, 7, 1, '1500.00'),
(130, 7, 1, '1500.00'),
(131, 7, 2, '1500.00'),
(132, 7, 2, '1500.00'),
(133, 7, 2, '1500.00'),
(134, 7, 2, '1500.00'),
(135, 7, 2, '1500.00'),
(136, 7, 1, '1500.00'),
(137, 7, 1, '1500.00'),
(138, 7, 1, '1500.00'),
(139, 7, 1, '1500.00'),
(140, 7, 1, '1500.00'),
(141, 7, 2, '1500.00'),
(142, 7, 2, '1500.00'),
(143, 7, 2, '1500.00'),
(144, 7, 2, '1500.00'),
(145, 7, 2, '1500.00'),
(146, 7, 1, '1500.00'),
(147, 7, 1, '1500.00'),
(148, 7, 1, '1500.00'),
(149, 7, 1, '1500.00'),
(150, 7, 1, '1500.00'),
(151, 7, 2, '1500.00'),
(152, 7, 2, '1500.00'),
(153, 7, 2, '1500.00'),
(154, 7, 2, '1500.00'),
(155, 7, 2, '1500.00'),
(156, 7, 1, '1500.00'),
(157, 7, 1, '1500.00'),
(158, 7, 1, '1500.00'),
(159, 7, 1, '1500.00'),
(160, 7, 1, '1500.00'),
(161, 7, 2, '1500.00'),
(162, 7, 2, '1500.00'),
(163, 7, 2, '1500.00'),
(164, 7, 2, '1500.00'),
(165, 7, 2, '1500.00');

insert into schedule (courCurID, acadYearID, semester, day, start_time, end_time, room, section) VALUES
(126, 7, 1, 'MON', '8:30', '10:00', 409, 'S'),
(127, 7, 1, 'TUE', '10:30', '12:00', 409, 'S'),
(128, 7, 1, 'WED', '1:00', '2:30', 322, 'T'),
(129, 7, 1, 'THU', '3:00', '4:30', 320, 'T'),
(130, 7, 1, 'FRI', '9:00', '10:30', 210, 'T'),
(131, 7, 2, 'MON', '2:30', '4:00', 321, 'T'),
(132, 7, 2, 'TUE', '8:30', '10:00', 321, 'T'),
(133, 7, 2, 'WED', '10:30', '12:00', 'FIELD 1', 'T'),
(134, 7, 2, 'THU', '8:00', '11:00', 210, 'T'),
(135, 7, 2, 'FRI', '1:00', '2:30', 409, 'S'),
(136, 7, 1, 'MON', '8:30', '10:00', 409, 'S'),
(137, 7, 1, 'TUE', '10:30', '12:00', 409, 'S'),
(138, 7, 1, 'WED', '1:00', '2:30', 322, 'T'),
(139, 7, 1, 'THU', '3:00', '4:30', 320, 'T'),
(140, 7, 1, 'FRI', '9:00', '10:30', 210, 'T'),
(141, 7, 2, 'MON', '2:30', '4:00', 321, 'T'),
(142, 7, 2, 'TUE', '8:30', '10:00', 321, 'T'),
(143, 7, 2, 'WED', '10:30', '12:00', 'FIELD 1', 'T'),
(144, 7, 2, 'THU', '8:00', '11:00', 210, 'T'),
(145, 7, 2, 'FRI', '1:00', '2:30', 409, 'S'),
(146, 7, 1, 'MON', '8:30', '10:00', 409, 'S'),
(147, 7, 1, 'TUE', '10:30', '12:00', 409, 'S'),
(148, 7, 1, 'WED', '1:00', '2:30', 322, 'T'),
(149, 7, 1, 'THU', '3:00', '4:30', 320, 'T'),
(150, 7, 1, 'FRI', '9:00', '10:30', 210, 'T'),
(151, 7, 2, 'MON', '2:30', '4:00', 321, 'T'),
(152, 7, 2, 'TUE', '8:30', '10:00', 321, 'T'),
(153, 7, 2, 'WED', '10:30', '12:00', 'FIELD 1', 'T'),
(154, 7, 2, 'THU', '8:00', '11:00', 210, 'T'),
(155, 7, 2, 'FRI', '1:00', '2:30', 409, 'S'),
(156, 7, 1, 'MON', '8:30', '10:00', 409, 'S'),
(157, 7, 1, 'TUE', '10:30', '12:00', 409, 'S'),
(158, 7, 1, 'WED', '1:00', '2:30', 322, 'T'),
(159, 7, 1, 'THU', '3:00', '4:30', 320, 'T'),
(160, 7, 1, 'FRI', '9:00', '10:30', 210, 'T'),
(161, 7, 2, 'MON', '2:30', '4:00', 321, 'T'),
(162, 7, 2, 'TUE', '8:30', '10:00', 321, 'T'),
(163, 7, 2, 'WED', '10:30', '12:00', 'FIELD 1', 'T'),
(164, 7, 2, 'THU', '8:00', '11:00', 210, 'T'),
(165, 7, 2, 'FRI', '1:00', '2:30', 409, 'S');